Iteration,custom_tag,backend,cost_approx,cost_exact,cosine_sim,acc_cost_approx,acc_cost_exact,fidelities,fidelities_cost,fidelities_grad,archt,rhs,qubits,layers,parameters,seed_init,exact,shots,depth,cnots,operator,innerp,cost,optimizer,rotations,entangler,mixer,driver,driver_per,initial_qaoa,sabre,mapomatic,DD
0,full_vqa_aer_spsa_custom_hyper_1,simulator,-0.0075883083173456795,-0.006488082667642761,,-0.0075883083173456795,-0.006488082667642761,0.038350507552554695,0.038350507552554695,,linear_alternating,hnx,5.0,3.0,29.0,1.0,False,10000.0,13.0,0.0,SatoLiu21,HTest,Sato21_Innerp,SPSA,ry,cz,rx,rzz,ryy,hadamards,True,False,False
1,,,-0.006021847606203635,-0.006488082667642761,,-0.0068271966527196646,-0.006542231467594768,0.03752361519768255,0.038350507552554695,,,,,,,,,,17.0,2.0,,,,,,,,,,,,,
2,,,-0.006662158546103236,-0.006488082667642761,,-0.005098542241233752,-0.006542162338061721,0.03746056962622693,0.038350507552554695,,,,,,,,,,18.0,3.0,,,,,,,,,,,,,
3,,,-0.006403288843836237,-0.006488082667642761,,-0.006161237488626024,-0.006600997478477322,0.03911134009010405,0.038350507552554695,,,,,,,,,,19.0,4.0,,,,,,,,,,,,,
4,,,-0.006672310249307479,-0.006488082667642761,,-0.0076137666208161425,-0.007165397190814382,0.04077132824748813,0.038350507552554695,,,,,,,,,,20.0,5.0,,,,,,,,,,,,,
5,,,-0.0063064021641118075,-0.006488082667642761,,-0.007921859211855852,-0.007790719911628022,0.0397200127673749,0.038350507552554695,,,,,,,,,,174.0,59.0,,,,,,,,,,,,,
6,,,-0.007743885618166523,-0.006488082667642761,,-0.009127573550172225,-0.007801056833305035,0.0396951209534782,0.038350507552554695,,,,,,,,,,,,,,,,,,,,,,,,
7,,,-0.006174315029879362,-0.006488082667642761,,-0.00785324181745986,-0.007902545178976827,0.04034217041349135,0.038350507552554695,,,,,,,,,,,,,,,,,,,,,,,,
8,,,-0.005845957160479985,-0.006488082667642761,,-0.01327960099750623,-0.011750969892560095,0.04705624471177565,0.038350507552554695,,,,,,,,,,,,,,,,,,,,,,,,
9,,,-0.0071444518865818344,-0.006488082667642761,,-0.01706591437559842,-0.01923290851659278,0.07517491512768014,0.038350507552554695,,,,,,,,,,,,,,,,,,,,,,,,
10,,,-0.007409791631373876,-0.006488082667642761,,-0.024623169383807673,-0.020298990714822402,0.07561431454069552,0.038350507552554695,,,,,,,,,,,,,,,,,,,,,,,,
11,,,-0.006625321264945802,-0.006488082667642761,,-0.0333378026356114,-0.030223671197457756,0.08334130729002483,0.038350507552554695,,,,,,,,,,,,,,,,,,,,,,,,
12,,,-0.006472501971386727,-0.006488082667642761,,-0.032901256961018276,-0.03155304370618799,0.0857462325484027,0.038350507552554695,,,,,,,,,,,,,,,,,,,,,,,,
13,,,-0.006387820224719105,-0.006488082667642761,,-0.03742633663366338,-0.03662976163359041,0.09665973207956052,0.038350507552554695,,,,,,,,,,,,,,,,,,,,,,,,
14,,,-0.008336353554397252,-0.006488082667642761,,-0.03596732697886448,-0.03709232790265361,0.09829707325273321,0.038350507552554695,,,,,,,,,,,,,,,,,,,,,,,,
15,,,-0.006830966148318649,-0.006488082667642761,,-0.04901331280565114,-0.05342400800300046,0.1490982665873992,0.038350507552554695,,,,,,,,,,,,,,,,,,,,,,,,
16,,,-0.006527158153022532,-0.006488082667642761,,-0.07203342543749477,-0.06940028212187165,0.14768877915625317,0.038350507552554695,,,,,,,,,,,,,,,,,,,,,,,,
17,,,-0.007343818232197275,-0.006488082667642761,,-0.06480421463414636,-0.06226788026867067,0.1728839054837854,0.038350507552554695,,,,,,,,,,,,,,,,,,,,,,,,
18,,,-0.005311012622720893,-0.006488082667642761,,-0.06607525237075555,-0.07027895881779714,0.1654034693978391,0.038350507552554695,,,,,,,,,,,,,,,,,,,,,,,,
19,,,-0.005984891079128627,-0.006488082667642761,,-0.0826958838776568,-0.07697628268408788,0.1516900588741447,0.038350507552554695,,,,,,,,,,,,,,,,,,,,,,,,
20,,,-0.006428976377952756,-0.006488082667642761,,-0.06599385411612485,-0.06624014844677073,0.13772132916787053,0.038350507552554695,,,,,,,,,,,,,,,,,,,,,,,,
21,,,-0.007756409255645374,-0.006488082667642761,,-0.09100882884597089,-0.09688314362834126,0.16470397048510588,0.038350507552554695,,,,,,,,,,,,,,,,,,,,,,,,
22,,,-0.006987376004433366,-0.006488082667642761,,-0.09433077234128587,-0.09451966429373786,0.12745080803505854,0.038350507552554695,,,,,,,,,,,,,,,,,,,,,,,,
23,,,-0.007616428651748569,-0.006488082667642761,,-0.09976573469387759,-0.09442253001633495,0.12630694471551962,0.038350507552554695,,,,,,,,,,,,,,,,,,,,,,,,
24,,,-0.006858086471408652,-0.006488082667642761,,-0.09079538300104932,-0.09832015418411783,0.12823412010614735,0.038350507552554695,,,,,,,,,,,,,,,,,,,,,,,,
25,,,-0.008077106678619448,-0.006488082667642761,,-0.16586903034637776,-0.16692965831064202,0.2274893222256075,0.038350507552554695,,,,,,,,,,,,,,,,,,,,,,,,
26,,,-0.005522455312810325,-0.006431264448357624,,-0.11385800411907879,-0.11135851802447967,0.19225882598012592,0.025102890519976613,,,,,,,,,,,,,,,,,,,,,,,,
27,,,-0.0041627171875791525,-0.004896062489592524,,-0.1476342640075973,-0.1505588712617014,0.19019374497881003,0.047559818557106656,,,,,,,,,,,,,,,,,,,,,,,,
28,,,-0.0068271966527196646,-0.006542231467594768,,-0.15922442595673877,-0.15585171711631185,0.18785926451946247,0.03752361519768255,,,,,,,,,,,,,,,,,,,,,,,,
29,,,-0.006186165779115531,-0.006119812734727927,,-0.10886315300673322,-0.10562873924559298,0.21162551374846802,0.02698291392968559,,,,,,,,,,,,,,,,,,,,,,,,
30,,,-0.006030323551542513,-0.005884438325176646,,-0.19982439704148355,-0.1953115899105921,0.3458892252056578,0.041266578163634327,,,,,,,,,,,,,,,,,,,,,,,,
31,,,-0.005098542241233752,-0.006542162338061721,,-0.19572363636363632,-0.19616129530076684,0.3548920675807225,0.03746056962622693,,,,,,,,,,,,,,,,,,,,,,,,
32,,,-0.005181437366937104,-0.005444389054164811,,-0.16812437051177168,-0.17654373065886228,0.3378660413664247,0.05707666183021252,,,,,,,,,,,,,,,,,,,,,,,,
33,,,-0.0040838000324974295,-0.003822812860990719,,-0.1768665339366516,-0.1816226558220954,0.40208808851352773,0.009415932319716493,,,,,,,,,,,,,,,,,,,,,,,,
34,,,-0.006161237488626024,-0.006600997478477322,,-0.25685529123837486,-0.25883114100852916,0.5019150541089326,0.03911134009010405,,,,,,,,,,,,,,,,,,,,,,,,
35,,,-0.004423873183619548,-0.004085551335392695,,-0.2971269119999999,-0.2930309708567505,0.5021041268171375,0.027858112182256693,,,,,,,,,,,,,,,,,,,,,,,,
36,,,-0.007998545676749161,-0.009872366201562125,,-0.30005370426368316,-0.2972131053653652,0.46568284029846263,0.04507978950926103,,,,,,,,,,,,,,,,,,,,,,,,
37,,,-0.0076137666208161425,-0.007165397190814382,,-0.4950794197396964,-0.5025357965685704,0.5933626150922594,0.04077132824748813,,,,,,,,,,,,,,,,,,,,,,,,
38,,,-0.00835988049061746,-0.009151690223883005,,-0.31820958251611087,-0.33092575662375884,0.3655793201384811,0.034532267552087874,,,,,,,,,,,,,,,,,,,,,,,,
39,,,-0.003477846738442052,-0.004175879739662543,,-0.4315062196459346,-0.42803127873341473,0.5149070102684052,0.04173996618086261,,,,,,,,,,,,,,,,,,,,,,,,
40,,,-0.007921859211855852,-0.007790719911628022,,-0.43824074962518744,-0.4400702829014182,0.5084008697376253,0.0397200127673749,,,,,,,,,,,,,,,,,,,,,,,,
41,,,-0.007438457773669041,-0.008332091719154703,,-0.4055089924160346,-0.4017534360130416,0.5217343598732036,0.040723689306082965,,,,,,,,,,,,,,,,,,,,,,,,
42,,,-0.006740701184118879,-0.0076139658914409795,,-0.24757201646090532,-0.2452770976458628,0.5273863095009538,0.04221722696478481,,,,,,,,,,,,,,,,,,,,,,,,
43,,,-0.009127573550172225,-0.007801056833305035,,-0.4917424878387768,-0.4795574602713667,0.5633799785070462,0.0396951209534782,,,,,,,,,,,,,,,,,,,,,,,,
44,,,-0.00829477698771817,-0.008033729970578565,,-0.48274335625859727,-0.48625379330725216,0.5795973859403356,0.04270619414087655,,,,,,,,,,,,,,,,,,,,,,,,
45,,,-0.006516277937381309,-0.005870225604083471,,-0.5132678126478473,-0.5029776620151553,0.5280534830905953,0.0284452976922612,,,,,,,,,,,,,,,,,,,,,,,,
46,,,-0.00785324181745986,-0.007902545178976827,,-0.6863216339480469,-0.6615893732791714,0.5342253199246251,0.04034217041349135,,,,,,,,,,,,,,,,,,,,,,,,
47,,,-0.013502844462376448,-0.015470599586797572,,-0.6269130030959754,-0.6400510934332515,0.5847128758074424,0.051394253733883795,,,,,,,,,,,,,,,,,,,,,,,,
48,,,-0.0026445897962997593,-0.002763612213460135,,-0.8942961224993832,-0.9391740793539421,0.6530649058795671,0.02393078704309433,,,,,,,,,,,,,,,,,,,,,,,,
49,,,-0.01327960099750623,-0.011750969892560095,,-0.4658265316629485,-0.4636089578825474,0.5061610814317618,0.04705624471177565,,,,,,,,,,,,,,,,,,,,,,,,
50,,,-0.018384443336419958,-0.021381107695366726,,-0.6272606504415249,-0.6225348938902859,0.48380614398135086,0.08302411400744857,,,,,,,,,,,,,,,,,,,,,,,,
51,,,-0.0034135918958031856,-0.003424625415416648,,-0.8390032502708555,-0.8410909805696335,0.6569627900274473,0.013717830502334522,,,,,,,,,,,,,,,,,,,,,,,,
52,,,-0.01706591437559842,-0.01923290851659278,,-0.9730994962216627,-0.9470266202798979,0.6609739244477436,0.07517491512768014,,,,,,,,,,,,,,,,,,,,,,,,
53,,,-0.017173322182730502,-0.014213922471428423,,-0.6163730968218775,-0.6100605941728997,0.5813043599382595,0.06911270031283112,,,,,,,,,,,,,,,,,,,,,,,,
54,,,-0.022202283012495768,-0.02278922514137196,,-0.8535402260158684,-0.8428987452903949,0.5859743771589441,0.07514849784190467,,,,,,,,,,,,,,,,,,,,,,,,
55,,,-0.024623169383807673,-0.020298990714822402,,-0.4904904118201825,-0.4828156297810975,0.47824653927425553,0.07561431454069552,,,,,,,,,,,,,,,,,,,,,,,,
56,,,-0.03165244142101285,-0.02937708647881776,,-0.5462563920454544,-0.5582569593939258,0.653715589229106,0.08302825157212465,,,,,,,,,,,,,,,,,,,,,,,,
57,,,-0.008509431120380025,-0.010607750697499675,,-0.6007681768359519,-0.6049262143284553,0.6160410930941471,0.06253327554315878,,,,,,,,,,,,,,,,,,,,,,,,
58,,,-0.0333378026356114,-0.030223671197457756,,-0.5757238266498835,-0.594547869494966,0.5127991849841634,0.08334130729002483,,,,,,,,,,,,,,,,,,,,,,,,
59,,,-0.032675903817050614,-0.03385111510298978,,-0.5941735652173912,-0.600763765111087,0.557000314409126,0.08986568851675579,,,,,,,,,,,,,,,,,,,,,,,,
60,,,-0.025817114356964738,-0.024762315284484294,,-0.516100522875817,-0.5361893276109767,0.5266317299370151,0.07401532762516447,,,,,,,,,,,,,,,,,,,,,,,,
61,,,-0.032901256961018276,-0.03155304370618799,,-0.4458206312548113,-0.4436552472553975,0.5046639303430522,0.0857462325484027,,,,,,,,,,,,,,,,,,,,,,,,
62,,,-0.03601251702860803,-0.0375986012126315,,-0.27556724771506635,-0.2749055553693252,0.4224941522218872,0.10010887417916904,,,,,,,,,,,,,,,,,,,,,,,,
63,,,-0.022287673662429806,-0.022389737076759297,,-1.0954638069705094,-1.1190348314438692,0.7537801263994055,0.06676647983317975,,,,,,,,,,,,,,,,,,,,,,,,
64,,,-0.03742633663366338,-0.03662976163359041,,-1.417103926878809,-1.4693778125109949,0.8257109204192656,0.09665973207956052,,,,,,,,,,,,,,,,,,,,,,,,
65,,,-0.03288452040232233,-0.03503088846896328,,-1.0532758757435559,-1.04041030690238,0.6024084833910439,0.10070419896331592,,,,,,,,,,,,,,,,,,,,,,,,
66,,,-0.029097352873475008,-0.028411670317370616,,-1.1272073078047355,-1.131606745725632,0.724508460508322,0.08035238200693197,,,,,,,,,,,,,,,,,,,,,,,,
67,,,-0.03596732697886448,-0.03709232790265361,,-1.9960745727602291,-1.9335946598200193,0.7787535022516174,0.09829707325273321,,,,,,,,,,,,,,,,,,,,,,,,
68,,,-0.01756618657505285,-0.019255406074477333,,-0.6309551029748279,-0.631766039465189,0.5316453654337904,0.051940564206756794,,,,,,,,,,,,,,,,,,,,,,,,
69,,,-0.047483958128299204,-0.051143227740367773,,-0.8105479434981303,-0.8127000704555221,0.6903761079343351,0.13640278653461946,,,,,,,,,,,,,,,,,,,,,,,,
70,,,-0.04901331280565114,-0.05342400800300046,,-0.6344210919088769,-0.6162033163311843,0.4807693628295543,0.1490982665873992,,,,,,,,,,,,,,,,,,,,,,,,
71,,,-0.06939686316928066,-0.06828774975625354,,-0.9161796942188245,-0.8972034901759428,0.682828973178621,0.15345176665305424,,,,,,,,,,,,,,,,,,,,,,,,
72,,,-0.036054803301017554,-0.03279404771350377,,-0.46196868298047844,-0.4469033263462113,0.6003263888687049,0.13204540101854442,,,,,,,,,,,,,,,,,,,,,,,,
73,,,-0.07203342543749477,-0.06940028212187165,,-0.6352793296089393,-0.6140292350371247,0.7196590926065606,0.14768877915625317,,,,,,,,,,,,,,,,,,,,,,,,
74,,,-0.06051472074640403,-0.06113993731168484,,-0.5401771345875542,-0.5172312092431117,0.5550926661597915,0.1728356195482488,,,,,,,,,,,,,,,,,,,,,,,,
75,,,-0.041581166514560695,-0.044537922362005385,,-1.4621325271059211,-1.4395615093352359,0.6318033614513214,0.08665266744996414,,,,,,,,,,,,,,,,,,,,,,,,
76,,,-0.06480421463414636,-0.06226788026867067,,-0.7552076759061841,-0.6962949488914872,0.5654632219091306,0.1728839054837854,,,,,,,,,,,,,,,,,,,,,,,,
77,,,-0.0608498514641392,-0.05797352644392671,,-1.0077902621722852,-1.068220747265107,0.756755771879652,0.10894354860121258,,,,,,,,,,,,,,,,,,,,,,,,
78,,,-0.08246829016613352,-0.07085929774146507,,-1.1835799632352946,-1.2766036085893333,0.7760649647078087,0.1652510874346604,,,,,,,,,,,,,,,,,,,,,,,,
79,,,-0.06607525237075555,-0.07027895881779714,,-1.6139452113891293,-1.6865475696305792,0.7656329345116736,0.1654034693978391,,,,,,,,,,,,,,,,,,,,,,,,
80,,,-0.050788366136424894,-0.051986376356372745,,-1.1017898033988676,-1.0778087509646663,0.7278612105487519,0.1114166085950743,,,,,,,,,,,,,,,,,,,,,,,,
81,,,-0.07563128225486304,-0.07739108304706682,,-0.5599548908649957,-0.5427541762778172,0.7128120327903401,0.1547955998769476,,,,,,,,,,,,,,,,,,,,,,,,
82,,,-0.0826958838776568,-0.07697628268408788,,-0.6515402052016223,-0.6434590775384696,0.43052954560483847,0.1516900588741447,,,,,,,,,,,,,,,,,,,,,,,,
83,,,-0.04158933949349758,-0.04420979516124799,,-0.43214106666666674,-0.4625118773147033,0.6639076778732801,0.12768141078459475,,,,,,,,,,,,,,,,,,,,,,,,
84,,,-0.0830686151704941,-0.08590168406226653,,-0.6961515789473685,-0.7029909912764689,0.765332096562277,0.15574946462265962,,,,,,,,,,,,,,,,,,,,,,,,
85,,,-0.06599385411612485,-0.06624014844677073,,-3.095979104477611,-2.7649977434393653,0.8630703135186175,0.13772132916787053,,,,,,,,,,,,,,,,,,,,,,,,
86,,,-0.09162893751232012,-0.0955269086863492,,-1.6727034895314055,-1.7133740028243751,0.8201542471662848,0.1726086500699964,,,,,,,,,,,,,,,,,,,,,,,,
87,,,-0.042294571187156724,-0.040226765792396466,,-0.3930585406859448,-0.3778651957721556,0.6416687270863667,0.0902036930022861,,,,,,,,,,,,,,,,,,,,,,,,
88,,,-0.09100882884597089,-0.09688314362834126,,-0.7043902439024393,-0.7265407032502287,0.6044885312378905,0.16470397048510588,,,,,,,,,,,,,,,,,,,,,,,,
89,,,-0.09334723618090456,-0.09375493055959588,,-1.3598099517266993,-1.3663977072358486,0.8840430592710948,0.1250683722753205,,,,,,,,,,,,,,,,,,,,,,,,
90,,,-0.07422363546959514,-0.07160583284413737,,-1.0128339957199652,-0.9971285776991075,0.7912912026655211,0.1608416037723086,,,,,,,,,,,,,,,,,,,,,,,,
91,,,-0.09433077234128587,-0.09451966429373786,,-1.847521620391442,-1.739723006830448,0.8515317235965967,0.12745080803505854,,,,,,,,,,,,,,,,,,,,,,,,
92,,,-0.08433823001793901,-0.0867159409384287,,-1.1887509290860843,-1.2081556548308816,0.8328647329238146,0.11797377404820325,,,,,,,,,,,,,,,,,,,,,,,,
93,,,-0.07165496402877698,-0.06813251242892951,,-1.0145487220447273,-1.0007386141517525,0.7563109352869859,0.10098268894092143,,,,,,,,,,,,,,,,,,,,,,,,
94,,,-0.09976573469387759,-0.09442253001633495,,-2.0255060395510434,-1.917691155866562,0.9014009045458327,0.12630694471551962,,,,,,,,,,,,,,,,,,,,,,,,
95,,,-0.1000220762438079,-0.10106899741925461,,-1.1269877128053307,-1.1142791066884297,0.7787295114771012,0.13111623975016629,,,,,,,,,,,,,,,,,,,,,,,,
96,,,-0.07332896371657512,-0.07460272933238003,,-0.45121117343504574,-0.4754609342757993,0.5782990686583296,0.10788677256343644,,,,,,,,,,,,,,,,,,,,,,,,
97,,,-0.09079538300104932,-0.09832015418411783,,-0.8124214912280697,-0.8280598859040267,0.7002504221082219,0.12823412010614735,,,,,,,,,,,,,,,,,,,,,,,,
98,,,-0.04825428222243114,-0.04823944245613059,,-1.8711778846153855,-1.8412720707303272,0.7625116936427699,0.07326495597507222,,,,,,,,,,,,,,,,,,,,,,,,
99,,,-0.13926979809603515,-0.14791350244428647,,-1.3162849740932643,-1.251955036290175,0.7246349937468172,0.19048573335550095,,,,,,,,,,,,,,,,,,,,,,,,
100,,,-0.16586903034637776,-0.16692965831064202,,-0.2820012820512821,-0.27389837214325585,0.5322767295799511,0.2274893222256075,,,,,,,,,,,,,,,,,,,,,,,,
101,,,-0.15694963375631904,-0.15680645615482788,,-0.8785431627638047,-0.900279374922085,0.7457300147598281,0.23060875020907493,,,,,,,,,,,,,,,,,,,,,,,,
102,,,-0.11842838502100274,-0.11985390458372407,,-1.3997492140266026,-1.3790469414691906,0.8047747632707473,0.16670659763191892,,,,,,,,,,,,,,,,,,,,,,,,
103,,,-0.11385800411907879,-0.11135851802447967,,-1.2419349014181928,-1.1912518122794085,0.7292590570845362,0.19225882598012592,,,,,,,,,,,,,,,,,,,,,,,,
104,,,-0.16320506529481602,-0.1681237565358949,,-0.8899606534584634,-0.8720995509277122,0.6173757430691115,0.21463729148524074,,,,,,,,,,,,,,,,,,,,,,,,
105,,,-0.12943607986216685,-0.13659140639114498,,-1.0809778183144838,-1.0394052895194628,0.717459708191704,0.20883841652704432,,,,,,,,,,,,,,,,,,,,,,,,
106,,,-0.1476342640075973,-0.1505588712617014,,-1.454656034482759,-1.4222501163761554,0.7925287943270786,0.19019374497881003,,,,,,,,,,,,,,,,,,,,,,,,
107,,,-0.13813123165767302,-0.14015735880542493,,-2.412256046814045,-2.4945999470836098,0.8712884836229752,0.2164248731405882,,,,,,,,,,,,,,,,,,,,,,,,
108,,,-0.15892201834862385,-0.15705353436701072,,-1.3146975546975541,-1.3686298662977032,0.869779485580575,0.19023130402359978,,,,,,,,,,,,,,,,,,,,,,,,
109,,,-0.15922442595673877,-0.15585171711631185,,-0.6864596828233193,-0.6834534886852253,0.6952649217427745,0.18785926451946247,,,,,,,,,,,,,,,,,,,,,,,,
110,,,-0.1620834525512637,-0.15960756867477002,,-0.8440218430034134,-0.853242857282865,0.7145773685999508,0.25520672687187274,,,,,,,,,,,,,,,,,,,,,,,,
111,,,-0.1014632787206907,-0.10608643507078125,,-1.0677098410928354,-1.0475307633758617,0.8296604920766908,0.1339140391890957,,,,,,,,,,,,,,,,,,,,,,,,
112,,,-0.10886315300673322,-0.10562873924559298,,-0.9584197596012909,-0.9294564289933634,0.7687802850979273,0.21162551374846802,,,,,,,,,,,,,,,,,,,,,,,,
113,,,-0.13678168894547,-0.13307687945519703,,-1.5052222656250014,-1.470110058247905,0.8128122673476639,0.14131565065101473,,,,,,,,,,,,,,,,,,,,,,,,
114,,,-0.18668106139438082,-0.19217191249826743,,-0.7713810865191149,-0.7629230384116086,0.7779792043070377,0.30879447448716896,,,,,,,,,,,,,,,,,,,,,,,,
115,,,-0.19982439704148355,-0.1953115899105921,,-0.8505164086687302,-0.8757496123153625,0.568574641633732,0.3458892252056578,,,,,,,,,,,,,,,,,,,,,,,,
116,,,-0.1921384632128864,-0.19280486820738094,,-0.7239599202960432,-0.7235105013629466,0.4505139293960214,0.3672378414207541,,,,,,,,,,,,,,,,,,,,,,,,
117,,,-0.1836784630163305,-0.18028140698234305,,-1.0475156742838736,-1.0509217458509974,0.8138634747393725,0.32577612921266835,,,,,,,,,,,,,,,,,,,,,,,,
118,,,-0.19572363636363632,-0.19616129530076684,,-0.8368335902205688,-0.8677158963171702,0.6726830002473748,0.3548920675807225,,,,,,,,,,,,,,,,,,,,,,,,
119,,,-0.202192644300896,-0.20236458068482283,,-0.7306894912030428,-0.7072437954233883,0.7493894988377228,0.36056192486813343,,,,,,,,,,,,,,,,,,,,,,,,
120,,,-0.15335378084896345,-0.15230709946753007,,-2.547118644067798,-2.6568147122064745,0.8798861100718443,0.2930788774175641,,,,,,,,,,,,,,,,,,,,,,,,
121,,,-0.16812437051177168,-0.17654373065886228,,-1.449628861226376,-1.4327628612510301,0.8156029290258529,0.3378660413664247,,,,,,,,,,,,,,,,,,,,,,,,
122,,,-0.15199140401146138,-0.15778440806514707,,-1.7893563067608496,-1.992182498684157,0.8628925863766017,0.2365211198143649,,,,,,,,,,,,,,,,,,,,,,,,
123,,,-0.16709330652592772,-0.17228054602309528,,-1.186826739130436,-1.1494596083308752,0.8300405308678722,0.4123108246736897,,,,,,,,,,,,,,,,,,,,,,,,
124,,,-0.1768665339366516,-0.1816226558220954,,-2.2697742228961393,-2.2227456023389474,0.8595402887726425,0.40208808851352773,,,,,,,,,,,,,,,,,,,,,,,,
125,,,-0.26206907115697986,-0.2598522373830455,,-1.3724643112062818,-1.3328347423427016,0.8062452230426888,0.4555424632919676,,,,,,,,,,,,,,,,,,,,,,,,
126,,,-0.10857155397833394,-0.11049483379430974,,-0.7461074813567479,-0.7524190329107778,0.6143601392922152,0.21975135640815902,,,,,,,,,,,,,,,,,,,,,,,,
127,,,-0.25685529123837486,-0.25883114100852916,,-0.4052411671298134,-0.4211645542758602,0.6070179520489081,0.5019150541089326,,,,,,,,,,,,,,,,,,,,,,,,
128,,,-0.3055379477570814,-0.31516109130105585,,-2.436600590405905,-2.254707395230349,0.8259750854945297,0.5315627686974105,,,,,,,,,,,,,,,,,,,,,,,,
129,,,-0.1746428865326793,-0.1740555992848707,,-0.7817369927281258,-0.7731468062291162,0.7361387981796075,0.4268087693654264,,,,,,,,,,,,,,,,,,,,,,,,
130,,,-0.2971269119999999,-0.2930309708567505,,-1.7613306451612922,-1.6330857183854213,0.7724619797699026,0.5021041268171375,,,,,,,,,,,,,,,,,,,,,,,,
131,,,-0.21553365193150137,-0.2224222439317155,,-0.5970222627737228,-0.6342694332030675,0.6396894128247803,0.438796656442974,,,,,,,,,,,,,,,,,,,,,,,,
132,,,-0.32301388948613197,-0.3202586429467536,,-1.004616350710901,-1.0310991264116889,0.777690241159314,0.5127034579102544,,,,,,,,,,,,,,,,,,,,,,,,
133,,,-0.30005370426368316,-0.2972131053653652,,-1.5554460151802652,-1.5164922401838548,0.781156587839092,0.46568284029846263,,,,,,,,,,,,,,,,,,,,,,,,
134,,,-0.4632467244455774,-0.46818874681911393,,-1.3895970897332268,-1.4623264339856026,0.6853655067809542,0.5828290903262862,,,,,,,,,,,,,,,,,,,,,,,,
135,,,-0.15021834167045622,-0.14342728077337505,,-1.2425096584649291,-1.2545001130150175,0.7792347294066229,0.29087894947821924,,,,,,,,,,,,,,,,,,,,,,,,
136,,,-0.4950794197396964,-0.5025357965685704,,-0.9385483870967751,-0.9766386076579353,0.600768531217839,0.5933626150922594,,,,,,,,,,,,,,,,,,,,,,,,
137,,,-0.4916677696078431,-0.48772871253887556,,-1.386595633528267,-1.3266930989587031,0.800399669607339,0.5020798767420109,,,,,,,,,,,,,,,,,,,,,,,,
138,,,-0.36987728192565755,-0.37169874249286955,,-1.5985490010515255,-1.5782734249404053,0.7324824733195432,0.5697716288038036,,,,,,,,,,,,,,,,,,,,,,,,
139,,,-0.31820958251611087,-0.33092575662375884,,-1.108359188544154,-1.08289327575648,0.8331825587778398,0.3655793201384811,,,,,,,,,,,,,,,,,,,,,,,,
140,,,-0.5639405405405402,-0.5650408911749345,,-0.567371875843455,-0.5778207577495905,0.6929895984076987,0.6201589423983359,,,,,,,,,,,,,,,,,,,,,,,,
141,,,-0.29893893438479413,-0.3014619518226663,,-1.2711350018135645,-1.2571270831113273,0.7991552597607409,0.43140993159248714,,,,,,,,,,,,,,,,,,,,,,,,
142,,,-0.4315062196459346,-0.42803127873341473,,-0.8440447822514378,-0.7885010094651359,0.6911286732428316,0.5149070102684052,,,,,,,,,,,,,,,,,,,,,,,,
143,,,-0.3679193424768052,-0.3610681176584894,,-1.0436336377025046,-1.092438508217459,0.6989250985218518,0.5542992219103746,,,,,,,,,,,,,,,,,,,,,,,,
144,,,-0.5357430575035061,-0.5424947905929463,,-0.8794878807106595,-0.8750631195816053,0.4630477779074722,0.5716027122266218,,,,,,,,,,,,,,,,,,,,,,,,
145,,,-0.43824074962518744,-0.4400702829014182,,-0.4475322979659153,-0.45555368570423876,0.6675847894554937,0.5084008697376253,,,,,,,,,,,,,,,,,,,,,,,,
146,,,-0.48177462746677413,-0.4866378652452474,,-0.5100188936170215,-0.5359762601182249,0.5032450038463776,0.5661201275857192,,,,,,,,,,,,,,,,,,,,,,,,
147,,,-0.4132458057142857,-0.41046016444324823,,-1.0927130044843048,-1.1033182817734508,0.7557592950015799,0.58472140875361,,,,,,,,,,,,,,,,,,,,,,,,
148,,,-0.4055089924160346,-0.4017534360130416,,-1.77422944416625,-1.6965354276929066,0.7224123730891612,0.5217343598732036,,,,,,,,,,,,,,,,,,,,,,,,
149,,,-0.4261295333009237,-0.432658951927488,,-0.9370142072500924,-0.9569528078170126,0.7297236617163125,0.626277139488486,,,,,,,,,,,,,,,,,,,,,,,,
150,,,-0.29612153270291586,-0.2994820210501523,,-1.509464012251147,-1.5440114984563684,0.8176550854740661,0.4129099858698581,,,,,,,,,,,,,,,,,,,,,,,,
151,,,-0.24757201646090532,-0.2452770976458628,,-2.1054207449856746,-1.989072763856757,0.8589971540544786,0.5273863095009538,,,,,,,,,,,,,,,,,,,,,,,,
152,,,-0.3227324438928535,-0.31912246919108544,,-2.1247709775349053,-2.105208188302163,0.8383216888086686,0.5052609209867057,,,,,,,,,,,,,,,,,,,,,,,,
153,,,-0.5754873015873019,-0.5891614738550813,,-0.9541227001569864,-0.9585827219137849,0.8394659208398934,0.6089039206192373,,,,,,,,,,,,,,,,,,,,,,,,
154,,,-0.4917424878387768,-0.4795574602713667,,-0.42997634932533735,-0.43455184463761193,0.5801199678328381,0.5633799785070462,,,,,,,,,,,,,,,,,,,,,,,,
155,,,-0.5746900133155791,-0.5908142976091152,,-0.906065604681404,-0.901233871983991,0.72888912792076,0.6238764128742423,,,,,,,,,,,,,,,,,,,,,,,,
156,,,-0.30882636826042714,-0.30872698152405664,,-0.7675781120943957,-0.767121121600063,0.716521538718677,0.4829798438727184,,,,,,,,,,,,,,,,,,,,,,,,
157,,,-0.48274335625859727,-0.48625379330725216,,-1.0415237375745527,-1.0718645896129104,0.7752439908475498,0.5795973859403356,,,,,,,,,,,,,,,,,,,,,,,,
158,,,-0.5568441499085923,-0.559820728112182,,-1.4440364583333334,-1.351899528421716,0.6846900732389123,0.5849427961331451,,,,,,,,,,,,,,,,,,,,,,,,
159,,,-0.35135716768027797,-0.3530925249145049,,-1.272460695721712,-1.275605808807468,0.8184052608036102,0.5327696624728894,,,,,,,,,,,,,,,,,,,,,,,,
160,,,-0.5132678126478473,-0.5029776620151553,,-2.443604950495052,-2.4822884662692126,0.9095329411560957,0.5280534830905953,,,,,,,,,,,,,,,,,,,,,,,,
161,,,-0.3330794597485959,-0.3388590369095752,,-0.7582502673796795,-0.7866939010118675,0.7688870196256352,0.4454423954911779,,,,,,,,,,,,,,,,,,,,,,,,
162,,,-0.624191644253183,-0.608682233954527,,-1.1784110646510144,-1.184959648986361,0.8224160960857197,0.545434105661156,,,,,,,,,,,,,,,,,,,,,,,,
163,,,-0.6863216339480469,-0.6615893732791714,,-1.7040175631174543,-1.7387890983240213,0.6785511335717203,0.5342253199246251,,,,,,,,,,,,,,,,,,,,,,,,
164,,,-0.477487853911878,-0.46022880396719346,,-0.8469471586715877,-0.8249299390740213,0.7939659618004749,0.4362156842727547,,,,,,,,,,,,,,,,,,,,,,,,
165,,,-0.7293076772424598,-0.7218362521289863,,-0.8160982061202958,-0.7996163460264809,0.6718762035130191,0.5809383686380982,,,,,,,,,,,,,,,,,,,,,,,,
166,,,-0.6269130030959754,-0.6400510934332515,,-0.5529150269023827,-0.5332271288051287,0.7525719520945804,0.5847128758074424,,,,,,,,,,,,,,,,,,,,,,,,
167,,,-0.23726402418542156,-0.24982328573091972,,-0.5749118513773221,-0.5973077992346004,0.63312976363709,0.3146937375848783,,,,,,,,,,,,,,,,,,,,,,,,
168,,,-1.080507407407408,-1.090101091823156,,-1.1273482658959537,-1.1137643390641165,0.8300476006874506,0.6609913240222223,,,,,,,,,,,,,,,,,,,,,,,,
169,,,-0.8942961224993832,-0.9391740793539421,,-0.3983909611712285,-0.40451765207656665,0.6518965737369224,0.6530649058795671,,,,,,,,,,,,,,,,,,,,,,,,
170,,,-0.5461617536676903,-0.5356240998259453,,-0.7623220266412948,-0.7666082123868205,0.6518206495917777,0.5466175485706356,,,,,,,,,,,,,,,,,,,,,,,,
171,,,-0.8916555789473685,-0.8761172419182569,,-0.8542291558441567,-0.8435345106627407,0.7921479866666415,0.6230577913750247,,,,,,,,,,,,,,,,,,,,,,,,
172,,,-0.4658265316629485,-0.4636089578825474,,-0.7892834042553194,-0.8578703093106174,0.7361181867050781,0.5061610814317618,,,,,,,,,,,,,,,,,,,,,,,,
173,,,-0.7571597329888029,-0.7459368742392651,,-0.8940409356725147,-0.8971601337113797,0.6352528280604334,0.6727125815784233,,,,,,,,,,,,,,,,,,,,,,,,
174,,,-0.9018462026991283,-0.8807917294307576,,-0.42555324267782424,-0.4305747294279946,0.7279008955806977,0.5819228299273232,,,,,,,,,,,,,,,,,,,,,,,,
175,,,-0.6272606504415249,-0.6225348938902859,,-1.248558239933583,-1.2030228422441953,0.8132660544224671,0.48380614398135086,,,,,,,,,,,,,,,,,,,,,,,,
176,,,-0.3869000396667988,-0.3895217227502075,,-1.6146417781614155,-1.560435469668449,0.7972126607440613,0.5525159689136506,,,,,,,,,,,,,,,,,,,,,,,,
177,,,-1.3261755802219972,-1.2998468173777658,,-1.952540444444444,-1.821362289717212,0.8149914506695739,0.6869459161019399,,,,,,,,,,,,,,,,,,,,,,,,
178,,,-0.8390032502708555,-0.8410909805696335,,-0.5617741935483869,-0.549928462035273,0.5298218405133327,0.6569627900274473,,,,,,,,,,,,,,,,,,,,,,,,
179,,,-1.1345850525717533,-1.1617571337751909,,-0.5570271434917816,-0.5425748972992166,0.728285050218614,0.6885662462150702,,,,,,,,,,,,,,,,,,,,,,,,
180,,,-0.5379977175463626,-0.5195279660508395,,-2.8337798900235716,-2.629626340945514,0.8630440986307014,0.554477398956014,,,,,,,,,,,,,,,,,,,,,,,,
181,,,-0.9730994962216627,-0.9470266202798979,,-0.5003769004124924,-0.4829122915101472,0.6346289215232312,0.6609739244477436,,,,,,,,,,,,,,,,,,,,,,,,
182,,,-0.8535144950767116,-0.8280200646436939,,-1.0697168253968266,-1.0685819068227518,0.7757855357704275,0.6412857491557588,,,,,,,,,,,,,,,,,,,,,,,,
183,,,-0.7233308521456171,-0.7102299266011497,,-0.5350640762981277,-0.5218265734617358,0.7080297721799909,0.6023075544283889,,,,,,,,,,,,,,,,,,,,,,,,
184,,,-0.6163730968218775,-0.6100605941728997,,-1.1496218061674002,-1.162688247842325,0.7810606988371335,0.5813043599382595,,,,,,,,,,,,,,,,,,,,,,,,
185,,,-0.5820670630630631,-0.5892332423711547,,-1.1305528892160484,-1.1410576419947376,0.6378246550184024,0.5724981863758818,,,,,,,,,,,,,,,,,,,,,,,,
186,,,-1.0546161028061896,-1.0726717843013196,,-0.6791666666666666,-0.6697610489027649,0.6646217148229672,0.6610790557888373,,,,,,,,,,,,,,,,,,,,,,,,
187,,,-0.8535402260158684,-0.8428987452903949,,-0.7567488331892825,-0.7676752776884772,0.771566893312023,0.5859743771589441,,,,,,,,,,,,,,,,,,,,,,,,
188,,,-0.8087726380100378,-0.7905552909019918,,-0.8794398317813154,-0.8332634903324467,0.7293892677384565,0.609165400719245,,,,,,,,,,,,,,,,,,,,,,,,
189,,,-0.6416427477919532,-0.6606511116557604,,-1.615404939467312,-1.6122827527329031,0.8067232329911914,0.5884187054722159,,,,,,,,,,,,,,,,,,,,,,,,
190,,,-0.4904904118201825,-0.4828156297810975,,-1.4296174629324536,-1.3178196989476274,0.7387440669281521,0.47824653927425553,,,,,,,,,,,,,,,,,,,,,,,,
191,,,-0.681385256410256,-0.6755821305588229,,-1.072881447963801,-1.0334129121926585,0.7723426356187505,0.5801291203870634,,,,,,,,,,,,,,,,,,,,,,,,
192,,,-0.8494333811181654,-0.8431215907959603,,-1.6586540010325213,-1.7363008051282232,0.8206838349197231,0.6969849505279146,,,,,,,,,,,,,,,,,,,,,,,,
193,,,-0.5462563920454544,-0.5582569593939258,,-1.0214463840399017,-1.0837096567788873,0.6954219614828722,0.653715589229106,,,,,,,,,,,,,,,,,,,,,,,,
194,,,-0.705306135332413,-0.7016991897569729,,-0.6250241126543209,-0.6354299736044469,0.7656443341823961,0.5743209587643938,,,,,,,,,,,,,,,,,,,,,,,,
195,,,-0.8606011646866992,-0.8381597677694012,,-0.8235347620234238,-0.8324667512367335,0.7049673843903534,0.6702025657682378,,,,,,,,,,,,,,,,,,,,,,,,
196,,,-0.6007681768359519,-0.6049262143284553,,-0.9565492957746483,-0.9676852902318238,0.7962609187946759,0.6160410930941471,,,,,,,,,,,,,,,,,,,,,,,,
197,,,-0.7643182208349589,-0.746280971665021,,-1.1707380022962115,-1.183085961980834,0.8513775294686532,0.6588395284757872,,,,,,,,,,,,,,,,,,,,,,,,
198,,,-0.8182976414014198,-0.8041036246247552,,-0.4104245055137408,-0.4194257536413667,0.5623604162212171,0.5954601166345808,,,,,,,,,,,,,,,,,,,,,,,,
199,,,-0.5757238266498835,-0.594547869494966,,-0.8022455580865611,-0.7709553093543523,0.7295847308996959,0.5127991849841634,,,,,,,,,,,,,,,,,,,,,,,,
200,,,-0.9201293854192577,-0.9020516494572828,,-1.499555565105287,-1.5771129249506841,0.8170526604753456,0.6385791989246136,,,,,,,,,,,,,,,,,,,,,,,,
201,,,-0.7036672970843184,-0.6967844797042423,,-3.095979104477611,-2.7649977434393653,0.8630703135186175,0.6075949754718852,,,,,,,,,,,,,,,,,,,,,,,,
202,,,-0.5941735652173912,-0.600763765111087,,,,,0.557000314409126,,,,,,,,,,,,,,,,,,,,,,,,
203,,,-0.8238687795010119,-0.8161914404622109,,,,,0.6141158221081008,,,,,,,,,,,,,,,,,,,,,,,,
204,,,-0.6631111152347372,-0.6635971508225998,,,,,0.6252562526051266,,,,,,,,,,,,,,,,,,,,,,,,
205,,,-0.516100522875817,-0.5361893276109767,,,,,0.5266317299370151,,,,,,,,,,,,,,,,,,,,,,,,
206,,,-0.6123377418748824,-0.6135942898928388,,,,,0.5067962352191865,,,,,,,,,,,,,,,,,,,,,,,,
207,,,-0.7994323478260871,-0.7815309479353055,,,,,0.6511378038805075,,,,,,,,,,,,,,,,,,,,,,,,
208,,,-0.4458206312548113,-0.4436552472553975,,,,,0.5046639303430522,,,,,,,,,,,,,,,,,,,,,,,,
209,,,-0.5151220783425058,-0.5286352113769125,,,,,0.5926224124332485,,,,,,,,,,,,,,,,,,,,,,,,
210,,,-0.5717040469766705,-0.5822963783775711,,,,,0.5798989885686912,,,,,,,,,,,,,,,,,,,,,,,,
211,,,-0.27556724771506635,-0.2749055553693252,,,,,0.4224941522218872,,,,,,,,,,,,,,,,,,,,,,,,
212,,,-0.5776535126526281,-0.5653562627790072,,,,,0.5466912803028613,,,,,,,,,,,,,,,,,,,,,,,,
213,,,-1.2593980221756065,-1.2617225710896838,,,,,0.7393054737258796,,,,,,,,,,,,,,,,,,,,,,,,
214,,,-1.0954638069705094,-1.1190348314438692,,,,,0.7537801263994055,,,,,,,,,,,,,,,,,,,,,,,,
215,,,-0.7535922442244225,-0.7427442854880468,,,,,0.6571681808815445,,,,,,,,,,,,,,,,,,,,,,,,
216,,,-1.440196856850018,-1.4170938533324575,,,,,0.8099237539552142,,,,,,,,,,,,,,,,,,,,,,,,
217,,,-1.417103926878809,-1.4693778125109949,,,,,0.8257109204192656,,,,,,,,,,,,,,,,,,,,,,,,
218,,,-0.8485390165441177,-0.85459486839559,,,,,0.762712560458799,,,,,,,,,,,,,,,,,,,,,,,,
219,,,-1.5010546976036518,-1.5692604190318782,,,,,0.7531687650530104,,,,,,,,,,,,,,,,,,,,,,,,
220,,,-1.0532758757435559,-1.04041030690238,,,,,0.6024084833910439,,,,,,,,,,,,,,,,,,,,,,,,
221,,,-0.7458012609314625,-0.7550877787967344,,,,,0.7691106463136052,,,,,,,,,,,,,,,,,,,,,,,,
222,,,-1.6967744510978051,-1.7006599533803375,,,,,0.8020520740958025,,,,,,,,,,,,,,,,,,,,,,,,
223,,,-1.1272073078047355,-1.131606745725632,,,,,0.724508460508322,,,,,,,,,,,,,,,,,,,,,,,,
224,,,-2.362091808686095,-2.427509202526953,,,,,0.855248788722857,,,,,,,,,,,,,,,,,,,,,,,,
225,,,-0.6935462555066083,-0.6778749525762789,,,,,0.6907544881401777,,,,,,,,,,,,,,,,,,,,,,,,
226,,,-1.9960745727602291,-1.9335946598200193,,,,,0.7787535022516174,,,,,,,,,,,,,,,,,,,,,,,,
227,,,-1.083237990802971,-1.1293275181023892,,,,,0.6676886034539694,,,,,,,,,,,,,,,,,,,,,,,,
228,,,-1.2989269272140571,-1.292062528579734,,,,,0.710271095567108,,,,,,,,,,,,,,,,,,,,,,,,
229,,,-0.6309551029748279,-0.631766039465189,,,,,0.5316453654337904,,,,,,,,,,,,,,,,,,,,,,,,
230,,,-1.4762367070563072,-1.4761175860318207,,,,,0.7908306443194273,,,,,,,,,,,,,,,,,,,,,,,,
231,,,-1.183420748663102,-1.1456765851644464,,,,,0.63975337805841,,,,,,,,,,,,,,,,,,,,,,,,
232,,,-0.8105479434981303,-0.8127000704555221,,,,,0.6903761079343351,,,,,,,,,,,,,,,,,,,,,,,,
233,,,-1.3633654778887307,-1.326362773217553,,,,,0.6707639897693995,,,,,,,,,,,,,,,,,,,,,,,,
234,,,-0.9308085762331844,-0.9348546909371515,,,,,0.7307374309536224,,,,,,,,,,,,,,,,,,,,,,,,
235,,,-0.6344210919088769,-0.6162033163311843,,,,,0.4807693628295543,,,,,,,,,,,,,,,,,,,,,,,,
236,,,-1.2414748533437618,-1.2737229626265512,,,,,0.6957840015213617,,,,,,,,,,,,,,,,,,,,,,,,
237,,,-1.5650185613119665,-1.5386947001893314,,,,,0.7694845372884517,,,,,,,,,,,,,,,,,,,,,,,,
238,,,-0.9161796942188245,-0.8972034901759428,,,,,0.682828973178621,,,,,,,,,,,,,,,,,,,,,,,,
239,,,-0.715207802340702,-0.7032282280219228,,,,,0.6844758414100274,,,,,,,,,,,,,,,,,,,,,,,,
240,,,-1.1488936761229318,-1.1229636790693995,,,,,0.7334491919866161,,,,,,,,,,,,,,,,,,,,,,,,
241,,,-0.46196868298047844,-0.4469033263462113,,,,,0.6003263888687049,,,,,,,,,,,,,,,,,,,,,,,,
242,,,-0.7269986307420493,-0.7428698396174308,,,,,0.6030921253180912,,,,,,,,,,,,,,,,,,,,,,,,
243,,,-1.5142751818916746,-1.464114254278181,,,,,0.8137266130107278,,,,,,,,,,,,,,,,,,,,,,,,
244,,,-0.6352793296089393,-0.6140292350371247,,,,,0.7196590926065606,,,,,,,,,,,,,,,,,,,,,,,,
245,,,-0.8010244382731633,-0.779653086086184,,,,,0.6923023556730771,,,,,,,,,,,,,,,,,,,,,,,,
246,,,-1.1201090523766266,-1.1896115024832874,,,,,0.7048975016647273,,,,,,,,,,,,,,,,,,,,,,,,
247,,,-0.5401771345875542,-0.5172312092431117,,,,,0.5550926661597915,,,,,,,,,,,,,,,,,,,,,,,,
248,,,-1.5417896058899938,-1.646040035342955,,,,,0.7569565558028495,,,,,,,,,,,,,,,,,,,,,,,,
249,,,-1.7440022883295183,-1.8118135878725705,,,,,0.730766443435656,,,,,,,,,,,,,,,,,,,,,,,,
250,,,-1.4621325271059211,-1.4395615093352359,,,,,0.6318033614513214,,,,,,,,,,,,,,,,,,,,,,,,
251,,,-1.232079254237288,-1.2207225810311753,,,,,0.6982737528804166,,,,,,,,,,,,,,,,,,,,,,,,
252,,,-1.4598432410086826,-1.4331772791619637,,,,,0.7175397230225264,,,,,,,,,,,,,,,,,,,,,,,,
253,,,-0.7552076759061841,-0.6962949488914872,,,,,0.5654632219091306,,,,,,,,,,,,,,,,,,,,,,,,
254,,,-1.5798565390749617,-1.5601611050776791,,,,,0.7883855111349766,,,,,,,,,,,,,,,,,,,,,,,,
255,,,-1.320493841642228,-1.4360125698003583,,,,,0.7183047560348951,,,,,,,,,,,,,,,,,,,,,,,,
256,,,-1.0077902621722852,-1.068220747265107,,,,,0.756755771879652,,,,,,,,,,,,,,,,,,,,,,,,
257,,,-0.9701765714285709,-0.9443483412634527,,,,,0.6171230491396673,,,,,,,,,,,,,,,,,,,,,,,,
258,,,-1.9958040681173124,-2.04984632726364,,,,,0.8304374677963146,,,,,,,,,,,,,,,,,,,,,,,,
259,,,-1.1835799632352946,-1.2766036085893333,,,,,0.7760649647078087,,,,,,,,,,,,,,,,,,,,,,,,
260,,,-1.105960038734668,-1.0971746920996732,,,,,0.6878551502297203,,,,,,,,,,,,,,,,,,,,,,,,
261,,,-2.2040237623762398,-2.303800263165433,,,,,0.8014169167512343,,,,,,,,,,,,,,,,,,,,,,,,
262,,,-1.6139452113891293,-1.6865475696305792,,,,,0.7656329345116736,,,,,,,,,,,,,,,,,,,,,,,,
263,,,-1.0850203226719506,-1.0907524834291165,,,,,0.7343364639793006,,,,,,,,,,,,,,,,,,,,,,,,
264,,,-2.0583673829201117,-1.9623143314381222,,,,,0.77576383864557,,,,,,,,,,,,,,,,,,,,,,,,
265,,,-1.1017898033988676,-1.0778087509646663,,,,,0.7278612105487519,,,,,,,,,,,,,,,,,,,,,,,,
266,,,-1.4883104124132316,-1.506822889123154,,,,,0.8364987383067467,,,,,,,,,,,,,,,,,,,,,,,,
267,,,-0.7721875325906616,-0.7802492283593909,,,,,0.542372058528704,,,,,,,,,,,,,,,,,,,,,,,,
268,,,-0.5599548908649957,-0.5427541762778172,,,,,0.7128120327903401,,,,,,,,,,,,,,,,,,,,,,,,
269,,,-1.442941822522881,-1.3738219664424982,,,,,0.6444401728033935,,,,,,,,,,,,,,,,,,,,,,,,
270,,,-1.1521654706927176,-1.1406131223343339,,,,,0.7276007489324198,,,,,,,,,,,,,,,,,,,,,,,,
271,,,-0.6515402052016223,-0.6434590775384696,,,,,0.43052954560483847,,,,,,,,,,,,,,,,,,,,,,,,
272,,,-0.8450205811783524,-0.7839173953482771,,,,,0.5793696307981265,,,,,,,,,,,,,,,,,,,,,,,,
273,,,-1.1204816519174046,-1.0977051716779544,,,,,0.7978324237051097,,,,,,,,,,,,,,,,,,,,,,,,
274,,,-0.43214106666666674,-0.4625118773147033,,,,,0.6639076778732801,,,,,,,,,,,,,,,,,,,,,,,,
275,,,-1.4035756625606577,-1.391452027479996,,,,,0.8170194270535636,,,,,,,,,,,,,,,,,,,,,,,,
276,,,-0.9992290578887628,-0.9841889385112564,,,,,0.6292379739580926,,,,,,,,,,,,,,,,,,,,,,,,
277,,,-0.6961515789473685,-0.7029909912764689,,,,,0.765332096562277,,,,,,,,,,,,,,,,,,,,,,,,
278,,,-3.2773143101970925,-3.0889515203762814,,,,,0.8646645697670547,,,,,,,,,,,,,,,,,,,,,,,,
279,,,-0.9424163969795052,-0.9377077081429697,,,,,0.6079017282757532,,,,,,,,,,,,,,,,,,,,,,,,
280,,,-3.095979104477611,-2.7649977434393653,,,,,0.8630703135186175,,,,,,,,,,,,,,,,,,,,,,,,
281,,,-1.8307441661576072,-1.783032139625131,,,,,0.7303042961027906,,,,,,,,,,,,,,,,,,,,,,,,
282,,,-2.3563619172685506,-2.6022578861777768,,,,,0.8884541762965809,,,,,,,,,,,,,,,,,,,,,,,,
283,,,-1.6727034895314055,-1.7133740028243751,,,,,0.8201542471662848,,,,,,,,,,,,,,,,,,,,,,,,
284,,,-1.1547174013921104,-1.1754080452145161,,,,,0.801258962821593,,,,,,,,,,,,,,,,,,,,,,,,
285,,,-1.0841136423841067,-1.0210514425393868,,,,,0.7598799272980489,,,,,,,,,,,,,,,,,,,,,,,,
286,,,-0.3930585406859448,-0.3778651957721556,,,,,0.6416687270863667,,,,,,,,,,,,,,,,,,,,,,,,
287,,,-1.6922427704752299,-1.7097816370358208,,,,,0.765647064224357,,,,,,,,,,,,,,,,,,,,,,,,
288,,,-1.2210080482897394,-1.311326554228741,,,,,0.8300635532227365,,,,,,,,,,,,,,,,,,,,,,,,
289,,,-0.7043902439024393,-0.7265407032502287,,,,,0.6044885312378905,,,,,,,,,,,,,,,,,,,,,,,,
290,,,-2.701328127259579,-2.550528968894483,,,,,0.9083494578791591,,,,,,,,,,,,,,,,,,,,,,,,
291,,,-1.2572094995759122,-1.3024087327834406,,,,,0.7521668493177003,,,,,,,,,,,,,,,,,,,,,,,,
292,,,-1.3598099517266993,-1.3663977072358486,,,,,0.8840430592710948,,,,,,,,,,,,,,,,,,,,,,,,
293,,,-1.3510621323529415,-1.3251809165784885,,,,,0.728592653941898,,,,,,,,,,,,,,,,,,,,,,,,
294,,,-1.989429017857144,-1.964195708055195,,,,,0.8740884680535885,,,,,,,,,,,,,,,,,,,,,,,,
295,,,-1.0128339957199652,-0.9971285776991075,,,,,0.7912912026655211,,,,,,,,,,,,,,,,,,,,,,,,
296,,,-1.1643360435875953,-1.1999815187631142,,,,,0.7036021456155617,,,,,,,,,,,,,,,,,,,,,,,,
297,,,-3.240305891719748,-3.0067287916243886,,,,,0.9100274966405794,,,,,,,,,,,,,,,,,,,,,,,,
298,,,-1.847521620391442,-1.739723006830448,,,,,0.8515317235965967,,,,,,,,,,,,,,,,,,,,,,,,
299,,,-2.0962045012165467,-2.254198000200711,,,,,0.894342495939841,,,,,,,,,,,,,,,,,,,,,,,,
300,,,-1.6423172020725392,-1.6829657823568482,,,,,0.7554958281482097,,,,,,,,,,,,,,,,,,,,,,,,
301,,,-1.1887509290860843,-1.2081556548308816,,,,,0.8328647329238146,,,,,,,,,,,,,,,,,,,,,,,,
302,,,-1.907109891196835,-1.813050499252314,,,,,0.8328514480158812,,,,,,,,,,,,,,,,,,,,,,,,
303,,,-1.7422962378640783,-1.7254929601888471,,,,,0.8120542620807436,,,,,,,,,,,,,,,,,,,,,,,,
304,,,-1.0145487220447273,-1.0007386141517525,,,,,0.7563109352869859,,,,,,,,,,,,,,,,,,,,,,,,
305,,,-1.1435420177812154,-1.1531378089262905,,,,,0.6830495022739428,,,,,,,,,,,,,,,,,,,,,,,,
306,,,-2.9867373801916965,-3.1584000056465995,,,,,0.9328443666510152,,,,,,,,,,,,,,,,,,,,,,,,
307,,,-2.0255060395510434,-1.917691155866562,,,,,0.9014009045458327,,,,,,,,,,,,,,,,,,,,,,,,
308,,,-2.0785686046511604,-2.0566703691981174,,,,,0.8448615293580658,,,,,,,,,,,,,,,,,,,,,,,,
309,,,-1.861532203389831,-1.8298395864173687,,,,,0.8149800638603931,,,,,,,,,,,,,,,,,,,,,,,,
310,,,-1.1269877128053307,-1.1142791066884297,,,,,0.7787295114771012,,,,,,,,,,,,,,,,,,,,,,,,
311,,,-1.1621775152749505,-1.1730171560521805,,,,,0.6728140461536729,,,,,,,,,,,,,,,,,,,,,,,,
312,,,-1.5492482276585138,-1.4681484558896036,,,,,0.8127727229553506,,,,,,,,,,,,,,,,,,,,,,,,
313,,,-0.45121117343504574,-0.4754609342757993,,,,,0.5782990686583296,,,,,,,,,,,,,,,,,,,,,,,,
314,,,-1.3449022498803267,-1.2637043139752266,,,,,0.7859145115516574,,,,,,,,,,,,,,,,,,,,,,,,
315,,,-1.7562237651444588,-1.7417529180739406,,,,,0.8232522351975553,,,,,,,,,,,,,,,,,,,,,,,,
316,,,-0.8124214912280697,-0.8280598859040267,,,,,0.7002504221082219,,,,,,,,,,,,,,,,,,,,,,,,
317,,,-1.7681171921475365,-1.6894351922027628,,,,,0.7917957693182618,,,,,,,,,,,,,,,,,,,,,,,,
318,,,-2.3543021992238073,-2.560241859066895,,,,,0.8382427723159473,,,,,,,,,,,,,,,,,,,,,,,,
319,,,-1.8711778846153855,-1.8412720707303272,,,,,0.7625116936427699,,,,,,,,,,,,,,,,,,,,,,,,
320,,,-2.1385347214406276,-2.220761041909704,,,,,0.8366559305592696,,,,,,,,,,,,,,,,,,,,,,,,
321,,,-1.5260548125633246,-1.4141211432472836,,,,,0.7812074074954047,,,,,,,,,,,,,,,,,,,,,,,,
322,,,-1.3162849740932643,-1.251955036290175,,,,,0.7246349937468172,,,,,,,,,,,,,,,,,,,,,,,,
323,,,-0.9798934620174354,-0.9560806257893433,,,,,0.679678045006912,,,,,,,,,,,,,,,,,,,,,,,,
324,,,-1.0168676771504357,-1.093674835357459,,,,,0.7670243043121984,,,,,,,,,,,,,,,,,,,,,,,,
325,,,-0.2820012820512821,-0.27389837214325585,,,,,0.5322767295799511,,,,,,,,,,,,,,,,,,,,,,,,
326,,,-1.6536825318940136,-1.809676068465629,,,,,0.8361257436754805,,,,,,,,,,,,,,,,,,,,,,,,
327,,,-1.5997080352514264,-1.5713906652544314,,,,,0.7730332882864451,,,,,,,,,,,,,,,,,,,,,,,,
328,,,-0.8785431627638047,-0.900279374922085,,,,,0.7457300147598281,,,,,,,,,,,,,,,,,,,,,,,,
329,,,-0.8348644608567216,-0.8465916779929354,,,,,0.7662166908243105,,,,,,,,,,,,,,,,,,,,,,,,
330,,,-0.8484133297644552,-0.848389337771067,,,,,0.7468558693421711,,,,,,,,,,,,,,,,,,,,,,,,
331,,,-1.3997492140266026,-1.3790469414691906,,,,,0.8047747632707473,,,,,,,,,,,,,,,,,,,,,,,,
332,,,-2.0044900979325346,-2.1178033453110596,,,,,0.8270984997709154,,,,,,,,,,,,,,,,,,,,,,,,
333,,,-1.5284023314749102,-1.53372865858873,,,,,0.801091667280262,,,,,,,,,,,,,,,,,,,,,,,,
334,,,-1.2419349014181928,-1.1912518122794085,,,,,0.7292590570845362,,,,,,,,,,,,,,,,,,,,,,,,
335,,,-2.0555307788944748,-2.0043693055737033,,,,,0.797622512111729,,,,,,,,,,,,,,,,,,,,,,,,
336,,,-1.176664864864865,-1.1340158445447461,,,,,0.7512071699483219,,,,,,,,,,,,,,,,,,,,,,,,
337,,,-0.8899606534584634,-0.8720995509277122,,,,,0.6173757430691115,,,,,,,,,,,,,,,,,,,,,,,,
338,,,-2.111901745936186,-1.9408418109201138,,,,,0.8339150522463912,,,,,,,,,,,,,,,,,,,,,,,,
339,,,-1.339540027510317,-1.3310445789918905,,,,,0.7632873384953356,,,,,,,,,,,,,,,,,,,,,,,,
340,,,-1.0809778183144838,-1.0394052895194628,,,,,0.717459708191704,,,,,,,,,,,,,,,,,,,,,,,,
341,,,-1.568025326723748,-1.6058487079157442,,,,,0.8290153170931934,,,,,,,,,,,,,,,,,,,,,,,,
342,,,-2.409412338593978,-2.337302324497907,,,,,0.8430344124893194,,,,,,,,,,,,,,,,,,,,,,,,
343,,,-1.454656034482759,-1.4222501163761554,,,,,0.7925287943270786,,,,,,,,,,,,,,,,,,,,,,,,
344,,,-3.129707095709583,-3.179221801860778,,,,,0.9170094098831184,,,,,,,,,,,,,,,,,,,,,,,,
345,,,-1.702923663183774,-1.682090368616507,,,,,0.7224056270311147,,,,,,,,,,,,,,,,,,,,,,,,
346,,,-2.412256046814045,-2.4945999470836098,,,,,0.8712884836229752,,,,,,,,,,,,,,,,,,,,,,,,
347,,,-2.7000582562747706,-2.7094612940941007,,,,,0.9292791414755653,,,,,,,,,,,,,,,,,,,,,,,,
348,,,-0.9941115057915071,-0.9411084359422718,,,,,0.653972182675152,,,,,,,,,,,,,,,,,,,,,,,,
349,,,-1.3146975546975541,-1.3686298662977032,,,,,0.869779485580575,,,,,,,,,,,,,,,,,,,,,,,,
350,,,-1.4361903942002732,-1.403449770314622,,,,,0.8205618748072414,,,,,,,,,,,,,,,,,,,,,,,,
351,,,-1.4959621934908613,-1.500517730241049,,,,,0.8052716704338356,,,,,,,,,,,,,,,,,,,,,,,,
352,,,-0.6864596828233193,-0.6834534886852253,,,,,0.6952649217427745,,,,,,,,,,,,,,,,,,,,,,,,
353,,,-1.797984415584416,-1.7930455142227353,,,,,0.8463629594293193,,,,,,,,,,,,,,,,,,,,,,,,
354,,,-1.631524285714285,-1.7197745857493594,,,,,0.7292140823407062,,,,,,,,,,,,,,,,,,,,,,,,
355,,,-0.8440218430034134,-0.853242857282865,,,,,0.7145773685999508,,,,,,,,,,,,,,,,,,,,,,,,
356,,,-1.2820211410880151,-1.254186638860014,,,,,0.757437286293248,,,,,,,,,,,,,,,,,,,,,,,,
357,,,-2.138139556061465,-2.0265829709177687,,,,,0.8792146831712142,,,,,,,,,,,,,,,,,,,,,,,,
358,,,-1.0677098410928354,-1.0475307633758617,,,,,0.8296604920766908,,,,,,,,,,,,,,,,,,,,,,,,
359,,,-2.036835939323216,-1.9858220269397333,,,,,0.8377546556685415,,,,,,,,,,,,,,,,,,,,,,,,
360,,,-1.480491208274564,-1.506854885004926,,,,,0.8194587791476002,,,,,,,,,,,,,,,,,,,,,,,,
361,,,-0.9584197596012909,-0.9294564289933634,,,,,0.7687802850979273,,,,,,,,,,,,,,,,,,,,,,,,
362,,,-2.661705909797821,-2.615421371682415,,,,,0.8754262503521052,,,,,,,,,,,,,,,,,,,,,,,,
363,,,-1.2835891625615772,-1.3116125593410402,,,,,0.7515506740494593,,,,,,,,,,,,,,,,,,,,,,,,
364,,,-1.5052222656250014,-1.470110058247905,,,,,0.8128122673476639,,,,,,,,,,,,,,,,,,,,,,,,
365,,,-1.640055544840887,-1.684898128839876,,,,,0.8511137179638699,,,,,,,,,,,,,,,,,,,,,,,,
366,,,-1.5309944854751356,-1.5451064270804977,,,,,0.7985053643809711,,,,,,,,,,,,,,,,,,,,,,,,
367,,,-0.7713810865191149,-0.7629230384116086,,,,,0.7779792043070377,,,,,,,,,,,,,,,,,,,,,,,,
368,,,-1.4073294399234104,-1.4213453829448746,,,,,0.7815215367278505,,,,,,,,,,,,,,,,,,,,,,,,
369,,,-2.0874888745148814,-2.0001059445377636,,,,,0.7654652340488591,,,,,,,,,,,,,,,,,,,,,,,,
370,,,-0.8505164086687302,-0.8757496123153625,,,,,0.568574641633732,,,,,,,,,,,,,,,,,,,,,,,,
371,,,-1.574136599706028,-1.6246148934164497,,,,,0.6852767726095662,,,,,,,,,,,,,,,,,,,,,,,,
372,,,-1.3542572390572392,-1.3452890966249218,,,,,0.7689878080080277,,,,,,,,,,,,,,,,,,,,,,,,
373,,,-0.7239599202960432,-0.7235105013629466,,,,,0.4505139293960214,,,,,,,,,,,,,,,,,,,,,,,,
374,,,-1.8749655973451327,-2.0477422685183875,,,,,0.8576794087416229,,,,,,,,,,,,,,,,,,,,,,,,
375,,,-1.5263609601449273,-1.648736058816494,,,,,0.8262203537966044,,,,,,,,,,,,,,,,,,,,,,,,
376,,,-1.0475156742838736,-1.0509217458509974,,,,,0.8138634747393725,,,,,,,,,,,,,,,,,,,,,,,,
377,,,-1.939189580973952,-1.9745709421891686,,,,,0.8041204997815955,,,,,,,,,,,,,,,,,,,,,,,,
378,,,-1.2023675438596495,-1.1547944199867308,,,,,0.8019650469532424,,,,,,,,,,,,,,,,,,,,,,,,
379,,,-0.8368335902205688,-0.8677158963171702,,,,,0.6726830002473748,,,,,,,,,,,,,,,,,,,,,,,,
380,,,-1.5877167120799263,-1.5677288541157417,,,,,0.8400049528136762,,,,,,,,,,,,,,,,,,,,,,,,
381,,,-1.4469958371877862,-1.4940642513972304,,,,,0.7899710148926389,,,,,,,,,,,,,,,,,,,,,,,,
382,,,-0.7306894912030428,-0.7072437954233883,,,,,0.7493894988377228,,,,,,,,,,,,,,,,,,,,,,,,
383,,,-1.7994269576379975,-1.622862594427724,,,,,0.7149695790827404,,,,,,,,,,,,,,,,,,,,,,,,
384,,,-3.4008842105263266,-3.3005790935698838,,,,,0.9152123396119688,,,,,,,,,,,,,,,,,,,,,,,,
385,,,-2.547118644067798,-2.6568147122064745,,,,,0.8798861100718443,,,,,,,,,,,,,,,,,,,,,,,,
386,,,-2.0167042527339034,-2.0757579310583907,,,,,0.7998124975948627,,,,,,,,,,,,,,,,,,,,,,,,
387,,,-2.1761317889317877,-2.3787064606509563,,,,,0.8647465607950757,,,,,,,,,,,,,,,,,,,,,,,,
388,,,-1.449628861226376,-1.4327628612510301,,,,,0.8156029290258529,,,,,,,,,,,,,,,,,,,,,,,,
389,,,-2.4331537735849103,-2.663749177506316,,,,,0.8805368706983279,,,,,,,,,,,,,,,,,,,,,,,,
390,,,-1.864413296703299,-1.8241137869922468,,,,,0.8097606983990775,,,,,,,,,,,,,,,,,,,,,,,,
391,,,-1.7893563067608496,-1.992182498684157,,,,,0.8628925863766017,,,,,,,,,,,,,,,,,,,,,,,,
392,,,-2.05165520958084,-2.1154038595443776,,,,,0.8660169728166566,,,,,,,,,,,,,,,,,,,,,,,,
393,,,-1.6329084661354614,-1.6487971580231227,,,,,0.8010950320499882,,,,,,,,,,,,,,,,,,,,,,,,
394,,,-1.186826739130436,-1.1494596083308752,,,,,0.8300405308678722,,,,,,,,,,,,,,,,,,,,,,,,
395,,,-1.2815309828118113,-1.2264467605407252,,,,,0.6671278981974558,,,,,,,,,,,,,,,,,,,,,,,,
396,,,-3.510447761194037,-3.5944886940156304,,,,,0.9278214140266892,,,,,,,,,,,,,,,,,,,,,,,,
397,,,-2.2697742228961393,-2.2227456023389474,,,,,0.8595402887726425,,,,,,,,,,,,,,,,,,,,,,,,
398,,,-1.0650740800647005,-1.0722860696944032,,,,,0.7401383025663489,,,,,,,,,,,,,,,,,,,,,,,,
399,,,-2.1887022900763355,-2.2094973926554475,,,,,0.8724104268636551,,,,,,,,,,,,,,,,,,,,,,,,
400,,,-1.3724643112062818,-1.3328347423427016,,,,,0.8062452230426888,,,,,,,,,,,,,,,,,,,,,,,,
401,,,-1.3774483463035023,-1.29912549828678,,,,,0.7858357253713558,,,,,,,,,,,,,,,,,,,,,,,,
402,,,-1.6466970452446898,-1.7490551055542258,,,,,0.7834658028365762,,,,,,,,,,,,,,,,,,,,,,,,
403,,,-0.7461074813567479,-0.7524190329107778,,,,,0.6143601392922152,,,,,,,,,,,,,,,,,,,,,,,,
404,,,-1.277979805964788,-1.3206714304092906,,,,,0.8093468759450739,,,,,,,,,,,,,,,,,,,,,,,,
405,,,-1.3462511627906981,-1.2955151134814311,,,,,0.7753965444810527,,,,,,,,,,,,,,,,,,,,,,,,
406,,,-0.4052411671298134,-0.4211645542758602,,,,,0.6070179520489081,,,,,,,,,,,,,,,,,,,,,,,,
407,,,-2.26297583444593,-2.202653732522136,,,,,0.8056976994206992,,,,,,,,,,,,,,,,,,,,,,,,
408,,,-2.711603317535549,-2.853192590954404,,,,,0.8694835346748735,,,,,,,,,,,,,,,,,,,,,,,,
409,,,-2.436600590405905,-2.254707395230349,,,,,0.8259750854945297,,,,,,,,,,,,,,,,,,,,,,,,
410,,,-1.4924045454545445,-1.5814343664459438,,,,,0.8224909011357089,,,,,,,,,,,,,,,,,,,,,,,,
411,,,-1.5637031938821404,-1.6631945968568316,,,,,0.820723099242023,,,,,,,,,,,,,,,,,,,,,,,,
412,,,-0.7817369927281258,-0.7731468062291162,,,,,0.7361387981796075,,,,,,,,,,,,,,,,,,,,,,,,
413,,,-2.1256301075268813,-2.0357822752944443,,,,,0.8115870279035884,,,,,,,,,,,,,,,,,,,,,,,,
414,,,-2.0977844172569204,-1.9377477220710264,,,,,0.8437478552211476,,,,,,,,,,,,,,,,,,,,,,,,
415,,,-1.7613306451612922,-1.6330857183854213,,,,,0.7724619797699026,,,,,,,,,,,,,,,,,,,,,,,,
416,,,-1.349062435837611,-1.4328208508065245,,,,,0.8018113892507137,,,,,,,,,,,,,,,,,,,,,,,,
417,,,-1.452767752577319,-1.4827320152244503,,,,,0.7956082460483723,,,,,,,,,,,,,,,,,,,,,,,,
418,,,-0.5970222627737228,-0.6342694332030675,,,,,0.6396894128247803,,,,,,,,,,,,,,,,,,,,,,,,
419,,,-1.6888541140837967,-1.7674489614336055,,,,,0.8045115756457834,,,,,,,,,,,,,,,,,,,,,,,,
420,,,-2.1220869928400954,-2.025964049179494,,,,,0.8537513544298758,,,,,,,,,,,,,,,,,,,,,,,,
421,,,-1.004616350710901,-1.0310991264116889,,,,,0.777690241159314,,,,,,,,,,,,,,,,,,,,,,,,
422,,,-2.304918499012513,-2.1861103089992238,,,,,0.836930177106972,,,,,,,,,,,,,,,,,,,,,,,,
423,,,-2.026395739644969,-2.16306957874226,,,,,0.8469668126282577,,,,,,,,,,,,,,,,,,,,,,,,
424,,,-1.5554460151802652,-1.5164922401838548,,,,,0.781156587839092,,,,,,,,,,,,,,,,,,,,,,,,
425,,,-1.5834742857142885,-1.8833566407764522,,,,,0.8198451484569456,,,,,,,,,,,,,,,,,,,,,,,,
426,,,-2.3785181588902877,-2.389542800993947,,,,,0.8187987500068898,,,,,,,,,,,,,,,,,,,,,,,,
427,,,-1.3895970897332268,-1.4623264339856026,,,,,0.6853655067809542,,,,,,,,,,,,,,,,,,,,,,,,
428,,,-1.589756963407973,-1.5884754486588988,,,,,0.7508970082198619,,,,,,,,,,,,,,,,,,,,,,,,
429,,,-2.032609793253537,-2.16796693808581,,,,,0.8638646407994367,,,,,,,,,,,,,,,,,,,,,,,,
430,,,-1.2425096584649291,-1.2545001130150175,,,,,0.7792347294066229,,,,,,,,,,,,,,,,,,,,,,,,
431,,,-1.2166421097046405,-1.2364182031219746,,,,,0.8043540036536785,,,,,,,,,,,,,,,,,,,,,,,,
432,,,-2.0812507498500277,-2.029414332763452,,,,,0.7688938502121844,,,,,,,,,,,,,,,,,,,,,,,,
433,,,-0.9385483870967751,-0.9766386076579353,,,,,0.600768531217839,,,,,,,,,,,,,,,,,,,,,,,,
434,,,-1.1686775374376055,-1.0891450231109598,,,,,0.7442054068124913,,,,,,,,,,,,,,,,,,,,,,,,
435,,,-2.383564787840408,-2.4078877500482685,,,,,0.8675661826530006,,,,,,,,,,,,,,,,,,,,,,,,
436,,,-1.386595633528267,-1.3266930989587031,,,,,0.800399669607339,,,,,,,,,,,,,,,,,,,,,,,,
437,,,-1.8581858093126384,-1.8484521394625206,,,,,0.8371218518331588,,,,,,,,,,,,,,,,,,,,,,,,
438,,,-2.2640380501015605,-2.388092080998376,,,,,0.8174420731676432,,,,,,,,,,,,,,,,,,,,,,,,
439,,,-1.5985490010515255,-1.5782734249404053,,,,,0.7324824733195432,,,,,,,,,,,,,,,,,,,,,,,,
440,,,-1.0460029282576873,-0.9922015473179994,,,,,0.739643128044074,,,,,,,,,,,,,,,,,,,,,,,,
441,,,-2.246221822402782,-2.3725433521395694,,,,,0.900195186576865,,,,,,,,,,,,,,,,,,,,,,,,
442,,,-1.108359188544154,-1.08289327575648,,,,,0.8331825587778398,,,,,,,,,,,,,,,,,,,,,,,,
443,,,-1.2505697497279666,-1.2403001596928969,,,,,0.7096052390009558,,,,,,,,,,,,,,,,,,,,,,,,
444,,,-1.4962707964601767,-1.5702148553415922,,,,,0.8412564971710128,,,,,,,,,,,,,,,,,,,,,,,,
445,,,-0.567371875843455,-0.5778207577495905,,,,,0.6929895984076987,,,,,,,,,,,,,,,,,,,,,,,,
446,,,-2.4069834983498306,-2.3646464821231263,,,,,0.8656087871349556,,,,,,,,,,,,,,,,,,,,,,,,
447,,,-1.349659504862953,-1.3079979480771657,,,,,0.7725937518590518,,,,,,,,,,,,,,,,,,,,,,,,
448,,,-1.2711350018135645,-1.2571270831113273,,,,,0.7991552597607409,,,,,,,,,,,,,,,,,,,,,,,,
449,,,-2.0274370575988896,-1.8207675791249958,,,,,0.84939390561573,,,,,,,,,,,,,,,,,,,,,,,,
450,,,-1.2287006643220004,-1.3414306977851098,,,,,0.6796156446225632,,,,,,,,,,,,,,,,,,,,,,,,
451,,,-0.8440447822514378,-0.7885010094651359,,,,,0.6911286732428316,,,,,,,,,,,,,,,,,,,,,,,,
452,,,-2.274918779904305,-2.206348585776028,,,,,0.8438058774093947,,,,,,,,,,,,,,,,,,,,,,,,
453,,,-1.1086558383838394,-1.1025547707247008,,,,,0.7247396813664178,,,,,,,,,,,,,,,,,,,,,,,,
454,,,-1.0436336377025046,-1.092438508217459,,,,,0.6989250985218518,,,,,,,,,,,,,,,,,,,,,,,,
455,,,-1.8736499466382095,-1.8416951579230492,,,,,0.6988915398337769,,,,,,,,,,,,,,,,,,,,,,,,
456,,,-1.2384783318223043,-1.28074523757816,,,,,0.7841773192359044,,,,,,,,,,,,,,,,,,,,,,,,
457,,,-0.8794878807106595,-0.8750631195816053,,,,,0.4630477779074722,,,,,,,,,,,,,,,,,,,,,,,,
458,,,-1.2148625627300096,-1.2133532878145186,,,,,0.8259659402736168,,,,,,,,,,,,,,,,,,,,,,,,
459,,,-0.9626162162162165,-0.929360282163366,,,,,0.7444522478049298,,,,,,,,,,,,,,,,,,,,,,,,
460,,,-0.4475322979659153,-0.45555368570423876,,,,,0.6675847894554937,,,,,,,,,,,,,,,,,,,,,,,,
461,,,-1.346547515257193,-1.3720062662214558,,,,,0.7033740952879138,,,,,,,,,,,,,,,,,,,,,,,,
462,,,-1.2842437500000001,-1.2494628645908594,,,,,0.8341153408048112,,,,,,,,,,,,,,,,,,,,,,,,
463,,,-0.5100188936170215,-0.5359762601182249,,,,,0.5032450038463776,,,,,,,,,,,,,,,,,,,,,,,,
464,,,-2.2832180851063857,-2.2549967455821287,,,,,0.8525022579167668,,,,,,,,,,,,,,,,,,,,,,,,
465,,,-1.2669027871621636,-1.3604097847790493,,,,,0.7806707897886804,,,,,,,,,,,,,,,,,,,,,,,,
466,,,-1.0927130044843048,-1.1033182817734508,,,,,0.7557592950015799,,,,,,,,,,,,,,,,,,,,,,,,
467,,,-1.6591470398277726,-1.7523106388372764,,,,,0.8326061908386535,,,,,,,,,,,,,,,,,,,,,,,,
468,,,-2.147290193775691,-2.462748702196561,,,,,0.8120440305200114,,,,,,,,,,,,,,,,,,,,,,,,
469,,,-1.77422944416625,-1.6965354276929066,,,,,0.7224123730891612,,,,,,,,,,,,,,,,,,,,,,,,
470,,,-2.03433092719353,-2.0406178290246624,,,,,0.8361657389087199,,,,,,,,,,,,,,,,,,,,,,,,
471,,,-1.4008028469750902,-1.4171171375993916,,,,,0.7519573617582926,,,,,,,,,,,,,,,,,,,,,,,,
472,,,-0.9370142072500924,-0.9569528078170126,,,,,0.7297236617163125,,,,,,,,,,,,,,,,,,,,,,,,
473,,,-2.7592293020041474,-2.642518751067723,,,,,0.876953825510068,,,,,,,,,,,,,,,,,,,,,,,,
474,,,-1.1785462264150954,-1.1658738708084062,,,,,0.774981831634295,,,,,,,,,,,,,,,,,,,,,,,,
475,,,-1.509464012251147,-1.5440114984563684,,,,,0.8176550854740661,,,,,,,,,,,,,,,,,,,,,,,,
476,,,-1.2872561769616016,-1.3851139622255682,,,,,0.7709281260876855,,,,,,,,,,,,,,,,,,,,,,,,
477,,,-3.2623612510860194,-3.210213432314485,,,,,0.8938869836537796,,,,,,,,,,,,,,,,,,,,,,,,
478,,,-2.1054207449856746,-1.989072763856757,,,,,0.8589971540544786,,,,,,,,,,,,,,,,,,,,,,,,
479,,,-1.6396254770500285,-1.5332671412921124,,,,,0.7866066459876185,,,,,,,,,,,,,,,,,,,,,,,,
480,,,-3.043364466177674,-3.110774916713046,,,,,0.8782990382664686,,,,,,,,,,,,,,,,,,,,,,,,
481,,,-2.1247709775349053,-2.105208188302163,,,,,0.8383216888086686,,,,,,,,,,,,,,,,,,,,,,,,
482,,,-2.753784231697506,-2.439116283359703,,,,,0.8992346614426578,,,,,,,,,,,,,,,,,,,,,,,,
483,,,-1.1433369604642718,-1.1093532000238875,,,,,0.7399996188993999,,,,,,,,,,,,,,,,,,,,,,,,
484,,,-0.9541227001569864,-0.9585827219137849,,,,,0.8394659208398934,,,,,,,,,,,,,,,,,,,,,,,,
485,,,-1.303583143322475,-1.2982256388624187,,,,,0.7599029532092301,,,,,,,,,,,,,,,,,,,,,,,,
486,,,-1.264940626304802,-1.2342231363401877,,,,,0.8098464794164968,,,,,,,,,,,,,,,,,,,,,,,,
487,,,-0.42997634932533735,-0.43455184463761193,,,,,0.5801199678328381,,,,,,,,,,,,,,,,,,,,,,,,
488,,,-1.5856449770525247,-1.6427571709189,,,,,0.8106676662120691,,,,,,,,,,,,,,,,,,,,,,,,
489,,,-1.5523136116152452,-1.5574940616407165,,,,,0.8298851938666465,,,,,,,,,,,,,,,,,,,,,,,,
490,,,-0.906065604681404,-0.901233871983991,,,,,0.72888912792076,,,,,,,,,,,,,,,,,,,,,,,,
491,,,-2.0543544091181736,-1.9780394742232155,,,,,0.873473582834865,,,,,,,,,,,,,,,,,,,,,,,,
492,,,-1.1365692821368951,-1.0937354189352833,,,,,0.6442167104775205,,,,,,,,,,,,,,,,,,,,,,,,
493,,,-0.7675781120943957,-0.767121121600063,,,,,0.716521538718677,,,,,,,,,,,,,,,,,,,,,,,,
494,,,-2.296700286944045,-2.179106417976187,,,,,0.862202254078245,,,,,,,,,,,,,,,,,,,,,,,,
495,,,-1.5105075805719466,-1.6037484022520923,,,,,0.7530128388978342,,,,,,,,,,,,,,,,,,,,,,,,
496,,,-1.0415237375745527,-1.0718645896129104,,,,,0.7752439908475498,,,,,,,,,,,,,,,,,,,,,,,,
497,,,-1.1368029605263166,-1.201328459571354,,,,,0.7333380610709974,,,,,,,,,,,,,,,,,,,,,,,,
498,,,-3.068031615720535,-2.9164002311813078,,,,,0.8267219306358611,,,,,,,,,,,,,,,,,,,,,,,,
499,,,-1.4440364583333334,-1.351899528421716,,,,,0.6846900732389123,,,,,,,,,,,,,,,,,,,,,,,,
500,,,-2.15432866004963,-2.134929719046159,,,,,0.8740100995214789,,,,,,,,,,,,,,,,,,,,,,,,
501,,,-2.0047836734693893,-2.1516790571744795,,,,,0.7839014660868467,,,,,,,,,,,,,,,,,,,,,,,,
502,,,-1.272460695721712,-1.275605808807468,,,,,0.8184052608036102,,,,,,,,,,,,,,,,,,,,,,,,
503,,,-3.2469778481012663,-3.564886242155472,,,,,0.9226256343224761,,,,,,,,,,,,,,,,,,,,,,,,
504,,,-1.171247866894199,-1.2265983535070941,,,,,0.7483845937542926,,,,,,,,,,,,,,,,,,,,,,,,
505,,,-2.443604950495052,-2.4822884662692126,,,,,0.9095329411560957,,,,,,,,,,,,,,,,,,,,,,,,
506,,,-0.9656922159655519,-1.0236652679869627,,,,,0.774843729378481,,,,,,,,,,,,,,,,,,,,,,,,
507,,,-1.8061751945525306,-1.7928103895465493,,,,,0.8549255166056379,,,,,,,,,,,,,,,,,,,,,,,,
508,,,-0.7582502673796795,-0.7866939010118675,,,,,0.7688870196256352,,,,,,,,,,,,,,,,,,,,,,,,
509,,,-1.5687340436867336,-1.6294164672786589,,,,,0.7936017327459309,,,,,,,,,,,,,,,,,,,,,,,,
510,,,-2.2362211421628198,-2.164084423768859,,,,,0.8739429341062651,,,,,,,,,,,,,,,,,,,,,,,,
511,,,-1.1784110646510144,-1.184959648986361,,,,,0.8224160960857197,,,,,,,,,,,,,,,,,,,,,,,,
512,,,-2.105976537729872,-2.273875331708657,,,,,0.86477047106127,,,,,,,,,,,,,,,,,,,,,,,,
513,,,-2.535944649446493,-2.425199374725339,,,,,0.788452829832845,,,,,,,,,,,,,,,,,,,,,,,,
514,,,-1.7040175631174543,-1.7387890983240213,,,,,0.6785511335717203,,,,,,,,,,,,,,,,,,,,,,,,
515,,,-1.5448370256410269,-1.826630246582799,,,,,0.7791280936027419,,,,,,,,,,,,,,,,,,,,,,,,
516,,,-1.6092944419742086,-1.595236658773026,,,,,0.8614731385265081,,,,,,,,,,,,,,,,,,,,,,,,
517,,,-0.8469471586715877,-0.8249299390740213,,,,,0.7939659618004749,,,,,,,,,,,,,,,,,,,,,,,,
518,,,-1.6643211206896544,-1.8284159309464663,,,,,0.8278211670280395,,,,,,,,,,,,,,,,,,,,,,,,
519,,,-1.441595253308992,-1.3847917765122455,,,,,0.7320388597790206,,,,,,,,,,,,,,,,,,,,,,,,
520,,,-0.8160982061202958,-0.7996163460264809,,,,,0.6718762035130191,,,,,,,,,,,,,,,,,,,,,,,,
521,,,-0.8609503102086867,-0.8255173809476761,,,,,0.6893489279901313,,,,,,,,,,,,,,,,,,,,,,,,
522,,,-1.6179682363804244,-1.6607181290229234,,,,,0.8775587791959711,,,,,,,,,,,,,,,,,,,,,,,,
523,,,-0.5529150269023827,-0.5332271288051287,,,,,0.7525719520945804,,,,,,,,,,,,,,,,,,,,,,,,
524,,,-1.8580783253842075,-1.6104153001446277,,,,,0.8029449634633117,,,,,,,,,,,,,,,,,,,,,,,,
525,,,-1.0497973499610296,-1.0178898287457947,,,,,0.7203373865223218,,,,,,,,,,,,,,,,,,,,,,,,
526,,,-0.5749118513773221,-0.5973077992346004,,,,,0.63312976363709,,,,,,,,,,,,,,,,,,,,,,,,
527,,,-1.2214509010665704,-1.1935250521122813,,,,,0.7650268970854259,,,,,,,,,,,,,,,,,,,,,,,,
528,,,-2.331105882352949,-2.505545926428912,,,,,0.8809212911401514,,,,,,,,,,,,,,,,,,,,,,,,
529,,,-1.1273482658959537,-1.1137643390641165,,,,,0.8300476006874506,,,,,,,,,,,,,,,,,,,,,,,,
530,,,-1.2154674753601211,-1.192450626770041,,,,,0.7935241411854757,,,,,,,,,,,,,,,,,,,,,,,,
531,,,-1.009121280379371,-0.9897886605511658,,,,,0.7935713631041247,,,,,,,,,,,,,,,,,,,,,,,,
532,,,-0.3983909611712285,-0.40451765207656665,,,,,0.6518965737369224,,,,,,,,,,,,,,,,,,,,,,,,
533,,,-1.5575560851063857,-1.6512138128923746,,,,,0.8099291382274451,,,,,,,,,,,,,,,,,,,,,,,,
534,,,-1.2309401032702234,-1.25187864810645,,,,,0.7427492644877434,,,,,,,,,,,,,,,,,,,,,,,,
535,,,-0.7623220266412948,-0.7666082123868205,,,,,0.6518206495917777,,,,,,,,,,,,,,,,,,,,,,,,
536,,,-1.84255576581904,-1.8061230151486292,,,,,0.8655140916136554,,,,,,,,,,,,,,,,,,,,,,,,
537,,,-1.352136537678208,-1.460123608750819,,,,,0.7474532905589469,,,,,,,,,,,,,,,,,,,,,,,,
538,,,-0.8542291558441567,-0.8435345106627407,,,,,0.7921479866666415,,,,,,,,,,,,,,,,,,,,,,,,
539,,,-1.4904106780565929,-1.4904801884375556,,,,,0.8124814410201409,,,,,,,,,,,,,,,,,,,,,,,,
540,,,-1.4611940193491646,-1.409280778773952,,,,,0.7528428573553325,,,,,,,,,,,,,,,,,,,,,,,,
541,,,-0.7892834042553194,-0.8578703093106174,,,,,0.7361181867050781,,,,,,,,,,,,,,,,,,,,,,,,
542,,,-1.7524658227848133,-1.7158303941122188,,,,,0.7729316611575525,,,,,,,,,,,,,,,,,,,,,,,,
543,,,-1.4684682678983814,-1.5125647112455343,,,,,0.8283318952826846,,,,,,,,,,,,,,,,,,,,,,,,
544,,,-0.8940409356725147,-0.8971601337113797,,,,,0.6352528280604334,,,,,,,,,,,,,,,,,,,,,,,,
545,,,-1.2387767181848075,-1.2829102137846824,,,,,0.8872017084745315,,,,,,,,,,,,,,,,,,,,,,,,
546,,,-0.5918725633528271,-0.6078315177762084,,,,,0.6224157673081201,,,,,,,,,,,,,,,,,,,,,,,,
547,,,-0.42555324267782424,-0.4305747294279946,,,,,0.7279008955806977,,,,,,,,,,,,,,,,,,,,,,,,
548,,,-0.9728929032258067,-0.9839020073931292,,,,,0.6526915480633194,,,,,,,,,,,,,,,,,,,,,,,,
549,,,-2.952301255230122,-2.9334787179716737,,,,,0.9147323061477197,,,,,,,,,,,,,,,,,,,,,,,,
550,,,-1.248558239933583,-1.2030228422441953,,,,,0.8132660544224671,,,,,,,,,,,,,,,,,,,,,,,,
551,,,-2.6599891852919897,-2.6030446444828463,,,,,0.8781190612058013,,,,,,,,,,,,,,,,,,,,,,,,
552,,,-1.5416623843222637,-1.4970436356578125,,,,,0.7325517376412345,,,,,,,,,,,,,,,,,,,,,,,,
553,,,-1.6146417781614155,-1.560435469668449,,,,,0.7972126607440613,,,,,,,,,,,,,,,,,,,,,,,,
554,,,-2.1795570032573295,-2.1491321798444107,,,,,0.850829231692039,,,,,,,,,,,,,,,,,,,,,,,,
555,,,-2.5757353956834637,-2.5015233378090787,,,,,0.8529965758212669,,,,,,,,,,,,,,,,,,,,,,,,
556,,,-1.952540444444444,-1.821362289717212,,,,,0.8149914506695739,,,,,,,,,,,,,,,,,,,,,,,,
557,,,-0.9828416535433068,-0.9236480546013923,,,,,0.7330332765458994,,,,,,,,,,,,,,,,,,,,,,,,
558,,,-1.3411129629629635,-1.3448971615020824,,,,,0.749550317330683,,,,,,,,,,,,,,,,,,,,,,,,
559,,,-0.5617741935483869,-0.549928462035273,,,,,0.5298218405133327,,,,,,,,,,,,,,,,,,,,,,,,
560,,,-1.221298276522406,-1.374134396651938,,,,,0.7341897534663742,,,,,,,,,,,,,,,,,,,,,,,,
561,,,-1.6018069494123655,-1.4297035653509669,,,,,0.84437242083935,,,,,,,,,,,,,,,,,,,,,,,,
562,,,-0.5570271434917816,-0.5425748972992166,,,,,0.728285050218614,,,,,,,,,,,,,,,,,,,,,,,,
563,,,-1.2214344698738924,-1.1604801114772647,,,,,0.749761675479979,,,,,,,,,,,,,,,,,,,,,,,,
564,,,-1.2247351351351352,-1.2005774476954911,,,,,0.7707222249761061,,,,,,,,,,,,,,,,,,,,,,,,
565,,,-2.8337798900235716,-2.629626340945514,,,,,0.8630440986307014,,,,,,,,,,,,,,,,,,,,,,,,
566,,,-1.802263401720716,-1.7168114192480342,,,,,0.8163423542639583,,,,,,,,,,,,,,,,,,,,,,,,
567,,,-1.1890617525385478,-1.3267940882993292,,,,,0.692644888410098,,,,,,,,,,,,,,,,,,,,,,,,
568,,,-0.5003769004124924,-0.4829122915101472,,,,,0.6346289215232312,,,,,,,,,,,,,,,,,,,,,,,,
569,,,-2.184721892744483,-2.002177221098212,,,,,0.8542729666643508,,,,,,,,,,,,,,,,,,,,,,,,
570,,,-1.5050823798627007,-1.4829170493013424,,,,,0.782819971835083,,,,,,,,,,,,,,,,,,,,,,,,
571,,,-1.0697168253968266,-1.0685819068227518,,,,,0.7757855357704275,,,,,,,,,,,,,,,,,,,,,,,,
572,,,-1.34076326854423,-1.4157027346713333,,,,,0.829348645948824,,,,,,,,,,,,,,,,,,,,,,,,
573,,,-1.025611510791367,-1.0346130893027283,,,,,0.7798358547415403,,,,,,,,,,,,,,,,,,,,,,,,
574,,,-0.5350640762981277,-0.5218265734617358,,,,,0.7080297721799909,,,,,,,,,,,,,,,,,,,,,,,,
575,,,-1.9300142699115046,-1.8304266439421446,,,,,0.8468617015040435,,,,,,,,,,,,,,,,,,,,,,,,
576,,,-2.101420351302245,-2.030575187089115,,,,,0.836908351556787,,,,,,,,,,,,,,,,,,,,,,,,
577,,,-1.1496218061674002,-1.162688247842325,,,,,0.7810606988371335,,,,,,,,,,,,,,,,,,,,,,,,
578,,,-1.5665841336116946,-1.5574749240636279,,,,,0.8016134282707758,,,,,,,,,,,,,,,,,,,,,,,,
579,,,-2.226868147208126,-2.158039178407948,,,,,0.7901295760464755,,,,,,,,,,,,,,,,,,,,,,,,
580,,,-1.1305528892160484,-1.1410576419947376,,,,,0.6378246550184024,,,,,,,,,,,,,,,,,,,,,,,,
581,,,-1.564644398167429,-1.553912842185938,,,,,0.8020026820485682,,,,,,,,,,,,,,,,,,,,,,,,
582,,,-1.0169308940283055,-1.007258432730838,,,,,0.7929741451935755,,,,,,,,,,,,,,,,,,,,,,,,
583,,,-0.6791666666666666,-0.6697610489027649,,,,,0.6646217148229672,,,,,,,,,,,,,,,,,,,,,,,,
584,,,-1.3010254811393402,-1.2864238967169088,,,,,0.7811765810451423,,,,,,,,,,,,,,,,,,,,,,,,
585,,,-1.7297791424033893,-1.7769097237053844,,,,,0.8483517718363908,,,,,,,,,,,,,,,,,,,,,,,,
586,,,-0.7567488331892825,-0.7676752776884772,,,,,0.771566893312023,,,,,,,,,,,,,,,,,,,,,,,,
587,,,-1.5769574534161512,-1.5823840097497852,,,,,0.7894492582404008,,,,,,,,,,,,,,,,,,,,,,,,
588,,,-1.805054486133771,-1.7723819541565287,,,,,0.8359677029268014,,,,,,,,,,,,,,,,,,,,,,,,
589,,,-0.8794398317813154,-0.8332634903324467,,,,,0.7293892677384565,,,,,,,,,,,,,,,,,,,,,,,,
590,,,-2.4533160167130887,-2.1873739971809547,,,,,0.8500080981686027,,,,,,,,,,,,,,,,,,,,,,,,
591,,,-2.336538461538466,-2.3938490131347976,,,,,0.8287444014779318,,,,,,,,,,,,,,,,,,,,,,,,
592,,,-1.615404939467312,-1.6122827527329031,,,,,0.8067232329911914,,,,,,,,,,,,,,,,,,,,,,,,
593,,,-2.521733148404999,-2.1848567985914533,,,,,0.828351086087641,,,,,,,,,,,,,,,,,,,,,,,,
594,,,-1.5295921000000021,-1.4779831396670151,,,,,0.7994903182927031,,,,,,,,,,,,,,,,,,,,,,,,
595,,,-1.4296174629324536,-1.3178196989476274,,,,,0.7387440669281521,,,,,,,,,,,,,,,,,,,,,,,,
596,,,-2.0046228158041206,-2.1320903465509917,,,,,0.8576141816197907,,,,,,,,,,,,,,,,,,,,,,,,
597,,,-1.2645995059695354,-1.2421959121054025,,,,,0.7775951509597073,,,,,,,,,,,,,,,,,,,,,,,,
598,,,-1.072881447963801,-1.0334129121926585,,,,,0.7723426356187505,,,,,,,,,,,,,,,,,,,,,,,,
599,,,-1.6272003929273087,-1.6131541773386149,,,,,0.8089723587152072,,,,,,,,,,,,,,,,,,,,,,,,
600,,,-2.6389423312883498,-2.745571907311557,,,,,0.8639291206110596,,,,,,,,,,,,,,,,,,,,,,,,
601,,,-1.6586540010325213,-1.7363008051282232,,,,,0.8206838349197231,,,,,,,,,,,,,,,,,,,,,,,,
602,,,-2.170595908245507,-1.9869241003802334,,,,,0.7612743394731002,,,,,,,,,,,,,,,,,,,,,,,,
603,,,-2.2896917197452282,-2.107332591884074,,,,,0.8265075617586871,,,,,,,,,,,,,,,,,,,,,,,,
604,,,-1.0214463840399017,-1.0837096567788873,,,,,0.6954219614828722,,,,,,,,,,,,,,,,,,,,,,,,
605,,,-1.6376077027639349,-1.5389086688227314,,,,,0.8621687018877262,,,,,,,,,,,,,,,,,,,,,,,,
606,,,-0.9411844330557342,-0.9328750403405199,,,,,0.725536285234881,,,,,,,,,,,,,,,,,,,,,,,,
607,,,-0.6250241126543209,-0.6354299736044469,,,,,0.7656443341823961,,,,,,,,,,,,,,,,,,,,,,,,
608,,,-1.5616814968814974,-1.5398532817174433,,,,,0.8032872756768467,,,,,,,,,,,,,,,,,,,,,,,,
609,,,-1.7434023121387294,-1.7153399398470675,,,,,0.817131469546779,,,,,,,,,,,,,,,,,,,,,,,,
610,,,-0.8235347620234238,-0.8324667512367335,,,,,0.7049673843903534,,,,,,,,,,,,,,,,,,,,,,,,
611,,,-1.4252883476599796,-1.3381770962146669,,,,,0.7312859205953898,,,,,,,,,,,,,,,,,,,,,,,,
612,,,-1.7735421052631577,-1.8402921854213998,,,,,0.8745488891259487,,,,,,,,,,,,,,,,,,,,,,,,
613,,,-0.9565492957746483,-0.9676852902318238,,,,,0.7962609187946759,,,,,,,,,,,,,,,,,,,,,,,,
614,,,-2.362389510086457,-2.2849627970526774,,,,,0.9011207638633426,,,,,,,,,,,,,,,,,,,,,,,,
615,,,-1.201965825067628,-1.2765471047791106,,,,,0.7606055319107043,,,,,,,,,,,,,,,,,,,,,,,,
616,,,-1.1707380022962115,-1.183085961980834,,,,,0.8513775294686532,,,,,,,,,,,,,,,,,,,,,,,,
617,,,-1.0517458145189305,-1.0121942316012114,,,,,0.766941423844725,,,,,,,,,,,,,,,,,,,,,,,,
618,,,-1.4572573369565232,-1.332148876145176,,,,,0.7596987202878276,,,,,,,,,,,,,,,,,,,,,,,,
619,,,-0.4104245055137408,-0.4194257536413667,,,,,0.5623604162212171,,,,,,,,,,,,,,,,,,,,,,,,
620,,,-1.123813629032259,-1.1631206799162015,,,,,0.7447546502136448,,,,,,,,,,,,,,,,,,,,,,,,
621,,,-1.8089678607983672,-1.8083983227366054,,,,,0.8502574355949423,,,,,,,,,,,,,,,,,,,,,,,,
622,,,-0.8022455580865611,-0.7709553093543523,,,,,0.7295847308996959,,,,,,,,,,,,,,,,,,,,,,,,
623,,,-2.9229562043795703,-2.7952399410404243,,,,,0.8697944612402405,,,,,,,,,,,,,,,,,,,,,,,,
624,,,-1.6235560765550254,-1.6426597572550068,,,,,0.8072291745634274,,,,,,,,,,,,,,,,,,,,,,,,
625,,,-1.499555565105287,-1.5771129249506841,,,,,0.8170526604753456,,,,,,,,,,,,,,,,,,,,,,,,
626,,,-2.6713601532567104,-2.7649977434393653,,,,,0.8630703135186175,,,,,,,,,,,,,,,,,,,,,,,,
